{
"type": "FeatureCollection",
"name": "budapest_h3_8_overlap",
"crs": { "type": "name", "properties": { "name": "urn:ogc:def:crs:OGC:1.3:CRS84" } },
"features": [
{ "type": "Feature", "properties": { "h3": "881e034481fffff" }, "geometry": { "type": "Polygon", "coordinates": [ [ [ 18.973312707229979, 47.593233222820842 ], [ 18.970886652983602, 47.5887873628335 ], [ 18.9756665122901, 47.585308505850357 ], [ 18.982872398538245, 47.586275333680774 ], [ 18.985299110447116, 47.59072111463076 ], [ 18.980519278525161, 47.594200146803814 ], [ 18.973312707229979, 47.593233222820842 ] ] ] } },
{ "type": "Feature", "properties": { "h3": "881e034483fffff" }, "geometry": { "type": "Polygon", "coordinates": [ [ [ 18.985299110447116, 47.59072111463076 ], [ 18.982872398538245, 47.586275333680774 ], [ 18.987651650273737, 47.582795829827795 ], [ 18.994857586201242, 47.583761931755276 ], [ 18.99728495549633, 47.588207633550887 ], [ 18.9925057315575, 47.591687312589535 ], [ 18.985299110447116, 47.59072111463076 ] ] ] } },
{ "type": "Feature", "properties": { "h3": "881e034487fffff" }, "geometry": { "type": "Polygon", "coordinates": [ [ [ 18.9756665122901, 47.585308505850357 ], [ 18.973240562798864, 47.580862270316736 ], [ 18.978019841994552, 47.577382941640316 ], [ 18.98522504330105, 47.578349673337115 ], [ 18.987651650273737, 47.582795829827795 ], [ 18.982872398538245, 47.586275333680774 ], [ 18.9756665122901, 47.585308505850357 ] ] ] } },
{ "type": "Feature", "properties": { "h3": "881e034491fffff" }, "geometry": { "type": "Polygon", "coordinates": [ [ [ 19.00691975746658, 47.59361835239983 ], [ 19.004491625778741, 47.589173105499562 ], [ 19.00927024136767, 47.585692779726493 ], [ 19.016476960178956, 47.58665752567935 ], [ 19.01890574888105, 47.591102693196873 ], [ 19.014127161837507, 47.594583194160379 ], [ 19.00691975746658, 47.59361835239983 ] ] ] } },
{ "type": "Feature", "properties": { "h3": "881e034493fffff" }, "geometry": { "type": "Polygon", "coordinates": [ [ [ 19.01890574888105, 47.591102693196873 ], [ 19.016476960178956, 47.58665752567935 ], [ 19.021254967051441, 47.58317655330319 ], [ 19.028461733748557, 47.584140573274688 ], [ 19.030891179188185, 47.588585661292576 ], [ 19.026113201273116, 47.592066808854689 ], [ 19.01890574888105, 47.591102693196873 ] ] ] } },
{ "type": "Feature", "properties": { "h3": "881e034495fffff" }, "geometry": { "type": "Polygon", "coordinates": [ [ [ 18.99728495549633, 47.588207633550887 ], [ 18.994857586201242, 47.583761931755276 ], [ 18.99963622999887, 47.580281781163599 ], [ 19.006842214962763, 47.581247157202249 ], [ 19.00927024136767, 47.585692779726493 ], [ 19.004491625778741, 47.589173105499562 ], [ 18.99728495549633, 47.588207633550887 ] ] ] } },
{ "type": "Feature", "properties": { "h3": "881e034497fffff" }, "geometry": { "type": "Polygon", "coordinates": [ [ [ 19.00927024136767, 47.585692779726493 ], [ 19.006842214962763, 47.581247157202249 ], [ 19.011620250455916, 47.577766360003068 ], [ 19.018826283813194, 47.578731010167274 ], [ 19.021254967051441, 47.58317655330319 ], [ 19.016476960178956, 47.58665752567935 ], [ 19.00927024136767, 47.585692779726493 ] ] ] } },
{ "type": "Feature", "properties": { "h3": "881e0344a1fffff" }, "geometry": { "type": "Polygon", "coordinates": [ [ [ 18.956405808808292, 47.574480035962509 ], [ 18.953981383940249, 47.570032891862844 ], [ 18.958760717047493, 47.566553913511868 ], [ 18.965964448314754, 47.567521904118607 ], [ 18.968389530854143, 47.57196896939832 ], [ 18.963610224534595, 47.575448122907396 ], [ 18.956405808808292, 47.574480035962509 ] ] ] } },
{ "type": "Feature", "properties": { "h3": "881e0344a3fffff" }, "geometry": { "type": "Polygon", "coordinates": [ [ [ 18.968389530854143, 47.57196896939832 ], [ 18.965964448314754, 47.567521904118607 ], [ 18.970743174719797, 47.564042279016476 ], [ 18.977946956544425, 47.565009544056139 ], [ 18.980372696479357, 47.569456530398725 ], [ 18.975593997273808, 47.572936330654905 ], [ 18.968389530854143, 47.57196896939832 ] ] ] } },
{ "type": "Feature", "properties": { "h3": "881e0344a5fffff" }, "geometry": { "type": "Polygon", "coordinates": [ [ [ 18.946777703872975, 47.569064175675329 ], [ 18.944354041210232, 47.564616577593391 ], [ 18.949133400769142, 47.561137774391256 ], [ 18.95633639661872, 47.562106394138368 ], [ 18.958760717047493, 47.566553913511868 ], [ 18.953981383940249, 47.570032891862844 ], [ 18.946777703872975, 47.569064175675329 ] ] ] } },
{ "type": "Feature", "properties": { "h3": "881e0344a7fffff" }, "geometry": { "type": "Polygon", "coordinates": [ [ [ 18.958760717047493, 47.566553913511868 ], [ 18.95633639661872, 47.562106394138368 ], [ 18.961115149887199, 47.558626944181086 ], [ 18.96831819680067, 47.559594838468591 ], [ 18.970743174719797, 47.564042279016476 ], [ 18.965964448314754, 47.567521904118607 ], [ 18.958760717047493, 47.566553913511868 ] ] ] } },
{ "type": "Feature", "properties": { "h3": "881e0344a9fffff" }, "geometry": { "type": "Polygon", "coordinates": [ [ [ 18.954050425033618, 47.582405311324813 ], [ 18.951625895741696, 47.577958542593613 ], [ 18.956405808808292, 47.574480035962509 ], [ 18.963610224534595, 47.575448122907396 ], [ 18.966035411678867, 47.579894812824264 ], [ 18.961255525324173, 47.583373494626741 ], [ 18.954050425033618, 47.582405311324813 ] ] ] } },
{ "type": "Feature", "properties": { "h3": "881e0344abfffff" }, "geometry": { "type": "Polygon", "coordinates": [ [ [ 18.966035411678867, 47.579894812824264 ], [ 18.963610224534595, 47.575448122907396 ], [ 18.968389530854143, 47.57196896939832 ], [ 18.975593997273808, 47.572936330654905 ], [ 18.978019841994552, 47.577382941640316 ], [ 18.973240562798864, 47.580862270316736 ], [ 18.966035411678867, 47.579894812824264 ] ] ] } },
{ "type": "Feature", "properties": { "h3": "881e0344adfffff" }, "geometry": { "type": "Polygon", "coordinates": [ [ [ 18.944421531351622, 47.576989729946789 ], [ 18.941997764430582, 47.572542507144341 ], [ 18.946777703872975, 47.569064175675329 ], [ 18.953981383940249, 47.570032891862844 ], [ 18.956405808808292, 47.574480035962509 ], [ 18.951625895741696, 47.577958542593613 ], [ 18.944421531351622, 47.576989729946789 ] ] ] } },
{ "type": "Feature", "properties": { "h3": "881e0344b1fffff" }, "geometry": { "type": "Polygon", "coordinates": [ [ [ 18.990003714970833, 47.574869697917748 ], [ 18.987577212949628, 47.570423165980898 ], [ 18.992355304674398, 47.566942719108681 ], [ 18.999559870552606, 47.567908629030477 ], [ 19.001987029598141, 47.572355081801717 ], [ 18.997208965820953, 47.575835703832887 ], [ 18.990003714970833, 47.574869697917748 ] ] ] } },
{ "type": "Feature", "properties": { "h3": "881e0344b3fffff" }, "geometry": { "type": "Polygon", "coordinates": [ [ [ 19.001987029598141, 47.572355081801717 ], [ 18.999559870552606, 47.567908629030477 ], [ 19.004337354430092, 47.564427535673424 ], [ 19.011541969073612, 47.565392719949102 ], [ 19.013969784867211, 47.569839093437693 ], [ 19.009192329349062, 47.573320361949371 ], [ 19.001987029598141, 47.572355081801717 ] ] ] } },
{ "type": "Feature", "properties": { "h3": "881e0344b5fffff" }, "geometry": { "type": "Polygon", "coordinates": [ [ [ 18.980372696479357, 47.569456530398725 ], [ 18.977946956544425, 47.565009544056139 ], [ 18.982725075880484, 47.5615292723338 ], [ 18.989928907619916, 47.562495811820305 ], [ 18.992355304674398, 47.566942719108681 ], [ 18.987577212949628, 47.570423165980898 ], [ 18.980372696479357, 47.569456530398725 ] ] ] } },
{ "type": "Feature", "properties": { "h3": "881e0344b7fffff" }, "geometry": { "type": "Polygon", "coordinates": [ [ [ 18.992355304674398, 47.566942719108681 ], [ 18.989928907619916, 47.562495811820305 ], [ 18.994706419520387, 47.559014893608882 ], [ 19.001910300532128, 47.559980707556328 ], [ 19.004337354430092, 47.564427535673424 ], [ 18.999559870552606, 47.567908629030477 ], [ 18.992355304674398, 47.566942719108681 ] ] ] } },
{ "type": "Feature", "properties": { "h3": "881e0344b9fffff" }, "geometry": { "type": "Polygon", "coordinates": [ [ [ 18.987651650273737, 47.582795829827795 ], [ 18.98522504330105, 47.578349673337115 ], [ 18.990003714970833, 47.574869697917748 ], [ 18.997208965820953, 47.575835703832887 ], [ 18.99963622999887, 47.580281781163599 ], [ 18.994857586201242, 47.583761931755276 ], [ 18.987651650273737, 47.582795829827795 ] ] ] } },
{ "type": "Feature", "properties": { "h3": "881e0344bbfffff" }, "geometry": { "type": "Polygon", "coordinates": [ [ [ 18.99963622999887, 47.580281781163599 ], [ 18.997208965820953, 47.575835703832887 ], [ 19.001987029598141, 47.572355081801717 ], [ 19.009192329349062, 47.573320361949371 ], [ 19.011620250455916, 47.577766360003068 ], [ 19.006842214962763, 47.581247157202249 ], [ 18.99963622999887, 47.580281781163599 ] ] ] } },
{ "type": "Feature", "properties": { "h3": "881e0344bdfffff" }, "geometry": { "type": "Polygon", "coordinates": [ [ [ 18.978019841994552, 47.577382941640316 ], [ 18.975593997273808, 47.572936330654905 ], [ 18.980372696479357, 47.569456530398725 ], [ 18.987577212949628, 47.570423165980898 ], [ 18.990003714970833, 47.574869697917748 ], [ 18.98522504330105, 47.578349673337115 ], [ 18.978019841994552, 47.577382941640316 ] ] ] } },
{ "type": "Feature", "properties": { "h3": "881e0344e7fffff" }, "geometry": { "type": "Polygon", "coordinates": [ [ [ 18.942064883069001, 47.584914436997508 ], [ 18.939641011905138, 47.580467589569153 ], [ 18.944421531351622, 47.576989729946789 ], [ 18.951625895741696, 47.577958542593613 ], [ 18.954050425033618, 47.582405311324813 ], [ 18.949269931887034, 47.585883346122515 ], [ 18.942064883069001, 47.584914436997508 ] ] ] } },
{ "type": "Feature", "properties": { "h3": "881e034591fffff" }, "geometry": { "type": "Polygon", "coordinates": [ [ [ 18.93950758221327, 47.555720552446886 ], [ 18.937084785793171, 47.551272125487557 ], [ 18.941863591780823, 47.547793025792281 ], [ 18.949065168076473, 47.548762177946095 ], [ 18.951488622176157, 47.553210526302863 ], [ 18.946709842380173, 47.556689801124527 ], [ 18.93950758221327, 47.555720552446886 ] ] ] } },
{ "type": "Feature", "properties": { "h3": "881e034593fffff" }, "geometry": { "type": "Polygon", "coordinates": [ [ [ 18.951488622176157, 47.553210526302863 ], [ 18.949065168076473, 47.548762177946095 ], [ 18.953843368230022, 47.545282431618631 ], [ 18.9610449959596, 47.546250858541597 ], [ 18.963469107463467, 47.550699128178536 ], [ 18.958690933913175, 47.554179049628466 ], [ 18.951488622176157, 47.553210526302863 ] ] ] } },
{ "type": "Feature", "properties": { "h3": "881e034595fffff" }, "geometry": { "type": "Polygon", "coordinates": [ [ [ 18.929883261573661, 47.550302248089395 ], [ 18.927461227051321, 47.545853367638166 ], [ 18.932240058895065, 47.54237444305997 ], [ 18.939440899484573, 47.543344223832058 ], [ 18.941863591780823, 47.547793025792281 ], [ 18.937084785793171, 47.551272125487557 ], [ 18.929883261573661, 47.550302248089395 ] ] ] } },
{ "type": "Feature", "properties": { "h3": "881e034597fffff" }, "geometry": { "type": "Polygon", "coordinates": [ [ [ 18.941863591780823, 47.547793025792281 ], [ 18.939440899484573, 47.543344223832058 ], [ 18.944219125905686, 47.539864652617808 ], [ 18.95142001843503, 47.540833708266703 ], [ 18.953843368230022, 47.545282431618631 ], [ 18.949065168076473, 47.548762177946095 ], [ 18.941863591780823, 47.547793025792281 ] ] ] } },
{ "type": "Feature", "properties": { "h3": "881e034599fffff" }, "geometry": { "type": "Polygon", "coordinates": [ [ [ 18.937151097067009, 47.563647232373114 ], [ 18.934728196538579, 47.559199180509502 ], [ 18.93950758221327, 47.555720552446886 ], [ 18.946709842380173, 47.556689801124527 ], [ 18.949133400769142, 47.561137774391256 ], [ 18.944354041210232, 47.564616577593391 ], [ 18.937151097067009, 47.563647232373114 ] ] ] } },
{ "type": "Feature", "properties": { "h3": "881e03459bfffff" }, "geometry": { "type": "Polygon", "coordinates": [ [ [ 18.949133400769142, 47.561137774391256 ], [ 18.946709842380173, 47.556689801124527 ], [ 18.951488622176157, 47.553210526302863 ], [ 18.958690933913175, 47.554179049628466 ], [ 18.961115149887199, 47.558626944181086 ], [ 18.95633639661872, 47.562106394138368 ], [ 18.949133400769142, 47.561137774391256 ] ] ] } },
{ "type": "Feature", "properties": { "h3": "881e03459dfffff" }, "geometry": { "type": "Polygon", "coordinates": [ [ [ 18.927525988584172, 47.558229206466407 ], [ 18.925103850118894, 47.553780701021807 ], [ 18.929883261573661, 47.550302248089395 ], [ 18.937084785793171, 47.551272125487557 ], [ 18.93950758221327, 47.555720552446886 ], [ 18.934728196538579, 47.559199180509502 ], [ 18.927525988584172, 47.558229206466407 ] ] ] } },
{ "type": "Feature", "properties": { "h3": "881e0345b3fffff" }, "geometry": { "type": "Polygon", "coordinates": [ [ [ 18.934596380684301, 47.534445791586791 ], [ 18.932174554094487, 47.529996161407126 ], [ 18.93695222707737, 47.526516293878657 ], [ 18.944151700721683, 47.527485881455092 ], [ 18.946574184723765, 47.53193543313224 ], [ 18.941796537748768, 47.535415475751641 ], [ 18.934596380684301, 47.534445791586791 ] ] ] } },
{ "type": "Feature", "properties": { "h3": "881e0345b7fffff" }, "geometry": { "type": "Polygon", "coordinates": [ [ [ 18.924975132759318, 47.529025848936378 ], [ 18.922554067665491, 47.524575765644101 ], [ 18.927331766320943, 47.521096073197334 ], [ 18.934530504477095, 47.522066288977328 ], [ 18.93695222707737, 47.526516293878657 ], [ 18.932174554094487, 47.529996161407126 ], [ 18.924975132759318, 47.529025848936378 ] ] ] } },
{ "type": "Feature", "properties": { "h3": "881e0345b9fffff" }, "geometry": { "type": "Polygon", "coordinates": [ [ [ 18.920260439043712, 47.544882861729533 ], [ 18.91783916634791, 47.540433527987204 ], [ 18.922618023712211, 47.536954778516751 ], [ 18.929818128331192, 47.537925187697034 ], [ 18.932240058895065, 47.54237444305997 ], [ 18.927461227051321, 47.545853367638166 ], [ 18.920260439043712, 47.544882861729533 ] ] ] } },
{ "type": "Feature", "properties": { "h3": "881e0345bbfffff" }, "geometry": { "type": "Polygon", "coordinates": [ [ [ 18.932240058895065, 47.54237444305997 ], [ 18.929818128331192, 47.537925187697034 ], [ 18.934596380684301, 47.534445791586791 ], [ 18.941796537748768, 47.535415475751641 ], [ 18.944219125905686, 47.539864652617808 ], [ 18.939440899484573, 47.543344223832058 ], [ 18.932240058895065, 47.54237444305997 ] ] ] } },
{ "type": "Feature", "properties": { "h3": "881e0345d1fffff" }, "geometry": { "type": "Polygon", "coordinates": [ [ [ 18.92281001505663, 47.574080582429495 ], [ 18.920387668752255, 47.569632827282419 ], [ 18.925168239790523, 47.566155317982549 ], [ 18.932371131584766, 47.567125388689384 ], [ 18.934794136206008, 47.571573065362536 ], [ 18.930013590795696, 47.575050749818928 ], [ 18.92281001505663, 47.574080582429495 ] ] ] } },
{ "type": "Feature", "properties": { "h3": "881e0345d3fffff" }, "geometry": { "type": "Polygon", "coordinates": [ [ [ 18.934794136206008, 47.571573065362536 ], [ 18.932371131584766, 47.567125388689384 ], [ 18.937151097067009, 47.563647232373114 ], [ 18.944354041210232, 47.564616577593391 ], [ 18.946777703872975, 47.569064175675329 ], [ 18.941997764430582, 47.572542507144341 ], [ 18.934794136206008, 47.571573065362536 ] ] ] } },
{ "type": "Feature", "properties": { "h3": "881e0345d7fffff" }, "geometry": { "type": "Polygon", "coordinates": [ [ [ 18.925168239790523, 47.566155317982549 ], [ 18.922745997397893, 47.56170718763935 ], [ 18.927525988584172, 47.558229206466407 ], [ 18.934728196538579, 47.559199180509502 ], [ 18.937151097067009, 47.563647232373114 ], [ 18.932371131584766, 47.567125388689384 ], [ 18.925168239790523, 47.566155317982549 ] ] ] } },
{ "type": "Feature", "properties": { "h3": "881e0345dbfffff" }, "geometry": { "type": "Polygon", "coordinates": [ [ [ 18.932436699494183, 47.579498051206933 ], [ 18.930013590795696, 47.575050749818928 ], [ 18.934794136206008, 47.571573065362536 ], [ 18.941997764430582, 47.572542507144341 ], [ 18.944421531351622, 47.576989729946789 ], [ 18.939641011905138, 47.580467589569153 ], [ 18.932436699494183, 47.579498051206933 ] ] ] } },
{ "type": "Feature", "properties": { "h3": "881e036001fffff" }, "geometry": { "type": "Polygon", "coordinates": [ [ [ 19.241189256602059, 47.484616988958706 ], [ 19.238750209748186, 47.480170187292394 ], [ 19.243513181928499, 47.476674493072473 ], [ 19.250715164509494, 47.477625425547693 ], [ 19.253154861938359, 47.482072145686168 ], [ 19.248391926291543, 47.48556801489314 ], [ 19.241189256602059, 47.484616988958706 ] ] ] } },
{ "type": "Feature", "properties": { "h3": "881e036003fffff" }, "geometry": { "type": "Polygon", "coordinates": [ [ [ 19.253154861938359, 47.482072145686168 ], [ 19.250715164509494, 47.477625425547693 ], [ 19.255477521798152, 47.474129088141495 ], [ 19.262679539652758, 47.475079295908834 ], [ 19.265119887377914, 47.479525934403213 ], [ 19.260357567032518, 47.483022446790216 ], [ 19.253154861938359, 47.482072145686168 ] ] ] } },
{ "type": "Feature", "properties": { "h3": "881e036005fffff" }, "geometry": { "type": "Polygon", "coordinates": [ [ [ 19.231548263080779, 47.479218530090876 ], [ 19.229109975544276, 47.474771272247636 ], [ 19.233872983920904, 47.471275753007504 ], [ 19.241074243717982, 47.472227316646737 ], [ 19.243513181928499, 47.476674493072473 ], [ 19.238750209748186, 47.480170187292394 ], [ 19.231548263080779, 47.479218530090876 ] ] ] } },
{ "type": "Feature", "properties": { "h3": "881e036007fffff" }, "geometry": { "type": "Polygon", "coordinates": [ [ [ 19.243513181928499, 47.476674493072473 ], [ 19.241074243717982, 47.472227316646737 ], [ 19.245836637612655, 47.468731154214147 ], [ 19.253037933192125, 47.469681993249573 ], [ 19.255477521798152, 47.474129088141495 ], [ 19.250715164509494, 47.477625425547693 ], [ 19.243513181928499, 47.476674493072473 ] ] ] } },
{ "type": "Feature", "properties": { "h3": "881e036009fffff" }, "geometry": { "type": "Polygon", "coordinates": [ [ [ 19.238864861498595, 47.492558641662207 ], [ 19.236425706015282, 47.488112214850915 ], [ 19.241189256602059, 47.484616988958706 ], [ 19.248391926291543, 47.48556801489314 ], [ 19.250831732529367, 47.490014360182542 ], [ 19.246068218403508, 47.493509761075245 ], [ 19.238864861498595, 47.492558641662207 ] ] ] } },
{ "type": "Feature", "properties": { "h3": "881e03600bfffff" }, "geometry": { "type": "Polygon", "coordinates": [ [ [ 19.250831732529367, 47.490014360182542 ], [ 19.248391926291543, 47.48556801489314 ], [ 19.253154861938359, 47.482072145686168 ], [ 19.260357567032518, 47.483022446790216 ], [ 19.262798023746097, 47.487468710441469 ], [ 19.25803512497011, 47.490964754642704 ], [ 19.250831732529367, 47.490014360182542 ] ] ] } },
{ "type": "Feature", "properties": { "h3": "881e03600dfffff" }, "geometry": { "type": "Polygon", "coordinates": [ [ [ 19.229223072370679, 47.487160464067721 ], [ 19.226784676370311, 47.482713580989873 ], [ 19.231548263080779, 47.479218530090876 ], [ 19.238750209748186, 47.480170187292394 ], [ 19.241189256602059, 47.484616988958706 ], [ 19.236425706015282, 47.488112214850915 ], [ 19.229223072370679, 47.487160464067721 ] ] ] } },
{ "type": "Feature", "properties": { "h3": "881e036011fffff" }, "geometry": { "type": "Polygon", "coordinates": [ [ [ 19.274763734147079, 47.484921692592309 ], [ 19.272322627236633, 47.480475510695399 ], [ 19.277084331919383, 47.476978355263213 ], [ 19.284287105902607, 47.477927206762303 ], [ 19.286728862730971, 47.482373306788716 ], [ 19.281967195738613, 47.485870637202389 ], [ 19.274763734147079, 47.484921692592309 ] ] ] } },
{ "type": "Feature", "properties": { "h3": "881e036013fffff" }, "geometry": { "type": "Polygon", "coordinates": [ [ [ 19.286728862730971, 47.482373306788716 ], [ 19.284287105902607, 47.477927206762303 ], [ 19.289048194561701, 47.474429408419972 ], [ 19.296251002029486, 47.475377535144901 ], [ 19.29869340849659, 47.479823553184659 ], [ 19.293932357937607, 47.483321526501982 ], [ 19.286728862730971, 47.482373306788716 ] ] ] } },
{ "type": "Feature", "properties": { "h3": "881e036015fffff" }, "geometry": { "type": "Polygon", "coordinates": [ [ [ 19.265119887377914, 47.479525934403213 ], [ 19.262679539652758, 47.475079295908834 ], [ 19.267441281688441, 47.471582315451101 ], [ 19.27464333417673, 47.472531798529147 ], [ 19.277084331919383, 47.476978355263213 ], [ 19.272322627236633, 47.480475510695399 ], [ 19.265119887377914, 47.479525934403213 ] ] ] } },
{ "type": "Feature", "properties": { "h3": "881e036017fffff" }, "geometry": { "type": "Polygon", "coordinates": [ [ [ 19.277084331919383, 47.476978355263213 ], [ 19.27464333417673, 47.472531798529147 ], [ 19.279404460598379, 47.469034175154825 ], [ 19.286606547080517, 47.469982933562413 ], [ 19.289048194561701, 47.474429408419972 ], [ 19.284287105902607, 47.477927206762303 ], [ 19.277084331919383, 47.476978355263213 ] ] ] } },
{ "type": "Feature", "properties": { "h3": "881e036019fffff" }, "geometry": { "type": "Polygon", "coordinates": [ [ [ 19.272442667146866, 47.492864186931428 ], [ 19.270001451082351, 47.48841837996725 ], [ 19.274763734147079, 47.484921692592309 ], [ 19.281967195738613, 47.485870637202389 ], [ 19.284409061900451, 47.490316362302011 ], [ 19.27964681645388, 47.493813224671968 ], [ 19.272442667146866, 47.492864186931428 ] ] ] } },
{ "type": "Feature", "properties": { "h3": "881e03601bfffff" }, "geometry": { "type": "Polygon", "coordinates": [ [ [ 19.284409061900451, 47.490316362302011 ], [ 19.281967195738613, 47.485870637202389 ], [ 19.286728862730971, 47.482373306788716 ], [ 19.293932357937607, 47.483321526501982 ], [ 19.296374873917546, 47.487767169620909 ], [ 19.291613244953211, 47.491264675023118 ], [ 19.284409061900451, 47.490316362302011 ] ] ] } },
{ "type": "Feature", "properties": { "h3": "881e03601dfffff" }, "geometry": { "type": "Polygon", "coordinates": [ [ [ 19.262798023746097, 47.487468710441469 ], [ 19.260357567032518, 47.483022446790216 ], [ 19.265119887377914, 47.479525934403213 ], [ 19.272322627236633, 47.480475510695399 ], [ 19.274763734147079, 47.484921692592309 ], [ 19.270001451082351, 47.48841837996725 ], [ 19.262798023746097, 47.487468710441469 ] ] ] } },
{ "type": "Feature", "properties": { "h3": "881e036021fffff" }, "geometry": { "type": "Polygon", "coordinates": [ [ [ 19.224234268119616, 47.465875925898601 ], [ 19.221796848146212, 47.461427837498448 ], [ 19.226559314241758, 47.457932024991486 ], [ 19.233759164458956, 47.458884125941381 ], [ 19.236197235025838, 47.463332133028374 ], [ 19.231434804862261, 47.466828120494533 ], [ 19.224234268119616, 47.465875925898601 ] ] ] } },
{ "type": "Feature", "properties": { "h3": "881e036023fffff" }, "geometry": { "type": "Polygon", "coordinates": [ [ [ 19.236197235025838, 47.463332133028374 ], [ 19.233759164458956, 47.458884125941381 ], [ 19.238521016530267, 47.455387670364324 ], [ 19.245720902907188, 47.456339046937082 ], [ 19.248159623789228, 47.460786972594548 ], [ 19.243397808059406, 47.464283603124677 ], [ 19.236197235025838, 47.463332133028374 ] ] ] } },
{ "type": "Feature", "properties": { "h3": "881e036025fffff" }, "geometry": { "type": "Polygon", "coordinates": [ [ [ 19.214597034728257, 47.460475012153211 ], [ 19.212160373773326, 47.456026468066064 ], [ 19.21692287546405, 47.452530830510995 ], [ 19.224122002594704, 47.45348356210711 ], [ 19.226559314241758, 47.457932024991486 ], [ 19.221796848146212, 47.461427837498448 ], [ 19.214597034728257, 47.460475012153211 ] ] ] } },
{ "type": "Feature", "properties": { "h3": "881e036027fffff" }, "geometry": { "type": "Polygon", "coordinates": [ [ [ 19.226559314241758, 47.457932024991486 ], [ 19.224122002594704, 47.45348356210711 ], [ 19.228883890670602, 47.449987281475948 ], [ 19.236083054469123, 47.450939288799162 ], [ 19.238521016530267, 47.455387670364324 ], [ 19.233759164458956, 47.458884125941381 ], [ 19.226559314241758, 47.457932024991486 ] ] ] } },
{ "type": "Feature", "properties": { "h3": "881e036029fffff" }, "geometry": { "type": "Polygon", "coordinates": [ [ [ 19.221908752169487, 47.473818983986327 ], [ 19.219471223883716, 47.469371270166207 ], [ 19.224234268119616, 47.465875925898601 ], [ 19.231434804862261, 47.466828120494533 ], [ 19.233872983920904, 47.471275753007504 ], [ 19.229109975544276, 47.474771272247636 ], [ 19.221908752169487, 47.473818983986327 ] ] ] } },
{ "type": "Feature", "properties": { "h3": "881e03602bfffff" }, "geometry": { "type": "Polygon", "coordinates": [ [ [ 19.233872983920904, 47.471275753007504 ], [ 19.231434804862261, 47.466828120494533 ], [ 19.236197235025838, 47.463332133028374 ], [ 19.243397808059406, 47.464283603124677 ], [ 19.245836637612655, 47.468731154214147 ], [ 19.241074243717982, 47.472227316646737 ], [ 19.233872983920904, 47.471275753007504 ] ] ] } },
{ "type": "Feature", "properties": { "h3": "881e03602dfffff" }, "geometry": { "type": "Polygon", "coordinates": [ [ [ 19.212270724071793, 47.46841835105252 ], [ 19.209833954969952, 47.463970181455608 ], [ 19.214597034728257, 47.460475012153211 ], [ 19.221796848146212, 47.461427837498448 ], [ 19.224234268119616, 47.465875925898601 ], [ 19.219471223883716, 47.469371270166207 ], [ 19.212270724071793, 47.46841835105252 ] ] ] } },
{ "type": "Feature", "properties": { "h3": "881e036031fffff" }, "geometry": { "type": "Polygon", "coordinates": [ [ [ 19.257799712243443, 47.466185187759208 ], [ 19.255360232474086, 47.461737718209534 ], [ 19.260121433408926, 47.458240444750167 ], [ 19.267322077105433, 47.459190465902381 ], [ 19.269762206812356, 47.463637853795937 ], [ 19.265001042965512, 47.467135302209265 ], [ 19.257799712243443, 47.466185187759208 ] ] ] } },
{ "type": "Feature", "properties": { "h3": "881e036033fffff" }, "geometry": { "type": "Polygon", "coordinates": [ [ [ 19.269762206812356, 47.463637853795937 ], [ 19.267322077105433, 47.459190465902381 ], [ 19.272082662884262, 47.455692549648674 ], [ 19.279283340952968, 47.456641846356796 ], [ 19.281724120318749, 47.461089152478017 ], [ 19.276963572037307, 47.464587243679311 ], [ 19.269762206812356, 47.463637853795937 ] ] ] } },
{ "type": "Feature", "properties": { "h3": "881e036035fffff" }, "geometry": { "type": "Polygon", "coordinates": [ [ [ 19.248159623789228, 47.460786972594548 ], [ 19.245720902907188, 47.456339046937082 ], [ 19.250482140592904, 47.452841948424592 ], [ 19.257682062490066, 47.453792600638565 ], [ 19.260121433408926, 47.458240444750167 ], [ 19.255360232474086, 47.461737718209534 ], [ 19.248159623789228, 47.460786972594548 ] ] ] } },
{ "type": "Feature", "properties": { "h3": "881e036037fffff" }, "geometry": { "type": "Polygon", "coordinates": [ [ [ 19.260121433408926, 47.458240444750167 ], [ 19.257682062490066, 47.453792600638565 ], [ 19.262442685429146, 47.450294859325446 ], [ 19.269642642207128, 47.451244787199208 ], [ 19.272082662884262, 47.455692549648674 ], [ 19.267322077105433, 47.459190465902381 ], [ 19.260121433408926, 47.458240444750167 ] ] ] } },
{ "type": "Feature", "properties": { "h3": "881e036039fffff" }, "geometry": { "type": "Polygon", "coordinates": [ [ [ 19.255477521798152, 47.474129088141495 ], [ 19.253037933192125, 47.469681993249573 ], [ 19.257799712243443, 47.466185187759208 ], [ 19.265001042965512, 47.467135302209265 ], [ 19.267441281688441, 47.471582315451101 ], [ 19.262679539652758, 47.475079295908834 ], [ 19.255477521798152, 47.474129088141495 ] ] ] } },
{ "type": "Feature", "properties": { "h3": "881e03603bfffff" }, "geometry": { "type": "Polygon", "coordinates": [ [ [ 19.267441281688441, 47.471582315451101 ], [ 19.265001042965512, 47.467135302209265 ], [ 19.269762206812356, 47.463637853795937 ], [ 19.276963572037307, 47.464587243679311 ], [ 19.279404460598379, 47.469034175154825 ], [ 19.27464333417673, 47.472531798529147 ], [ 19.267441281688441, 47.471582315451101 ] ] ] } },
{ "type": "Feature", "properties": { "h3": "881e03603dfffff" }, "geometry": { "type": "Polygon", "coordinates": [ [ [ 19.245836637612655, 47.468731154214147 ], [ 19.243397808059406, 47.464283603124677 ], [ 19.248159623789228, 47.460786972594548 ], [ 19.255360232474086, 47.461737718209534 ], [ 19.257799712243443, 47.466185187759208 ], [ 19.253037933192125, 47.469681993249573 ], [ 19.245836637612655, 47.468731154214147 ] ] ] } },
{ "type": "Feature", "properties": { "h3": "881e036041fffff" }, "geometry": { "type": "Polygon", "coordinates": [ [ [ 19.224571280801257, 47.503041801859851 ], [ 19.222132667915201, 47.498595668599435 ], [ 19.226897411655784, 47.495101554727512 ], [ 19.23410073238448, 47.496053399111759 ], [ 19.236539996483256, 47.500499450972491 ], [ 19.231775288720925, 47.503993739864562 ], [ 19.224571280801257, 47.503041801859851 ] ] ] } },
{ "type": "Feature", "properties": { "h3": "881e036043fffff" }, "geometry": { "type": "Polygon", "coordinates": [ [ [ 19.236539996483256, 47.500499450972491 ], [ 19.23410073238448, 47.496053399111759 ], [ 19.238864861498595, 47.492558641662207 ], [ 19.246068218403508, 47.493509761075245 ], [ 19.248508133436374, 47.497955731420035 ], [ 19.243744040710592, 47.501450663883602 ], [ 19.236539996483256, 47.500499450972491 ] ] ] } },
{ "type": "Feature", "properties": { "h3": "881e036045fffff" }, "geometry": { "type": "Polygon", "coordinates": [ [ [ 19.214929384003216, 47.497643099225868 ], [ 19.21249153086459, 47.493196509719731 ], [ 19.217256310246114, 47.489702570860516 ], [ 19.224458907205584, 47.490655046510639 ], [ 19.226897411655784, 47.495101554727512 ], [ 19.222132667915201, 47.498595668599435 ], [ 19.214929384003216, 47.497643099225868 ] ] ] } },
{ "type": "Feature", "properties": { "h3": "881e036047fffff" }, "geometry": { "type": "Polygon", "coordinates": [ [ [ 19.226897411655784, 47.495101554727512 ], [ 19.224458907205584, 47.490655046510639 ], [ 19.229223072370679, 47.487160464067721 ], [ 19.236425706015282, 47.488112214850915 ], [ 19.238864861498595, 47.492558641662207 ], [ 19.23410073238448, 47.496053399111759 ], [ 19.226897411655784, 47.495101554727512 ] ] ] } },
{ "type": "Feature", "properties": { "h3": "881e036049fffff" }, "geometry": { "type": "Polygon", "coordinates": [ [ [ 19.222244679672176, 47.51098120525451 ], [ 19.219805958364308, 47.506535447045948 ], [ 19.224571280801257, 47.503041801859851 ], [ 19.231775288720925, 47.503993739864562 ], [ 19.234214661421245, 47.508439416679337 ], [ 19.229449374889754, 47.511933236899083 ], [ 19.222244679672176, 47.51098120525451 ] ] ] } },
{ "type": "Feature", "properties": { "h3": "881e03604bfffff" }, "geometry": { "type": "Polygon", "coordinates": [ [ [ 19.234214661421245, 47.508439416679337 ], [ 19.231775288720925, 47.503993739864562 ], [ 19.236539996483256, 47.500499450972491 ], [ 19.243744040710592, 47.501450663883602 ], [ 19.246184064524641, 47.505896259188304 ], [ 19.241419393077972, 47.509390723107877 ], [ 19.234214661421245, 47.508439416679337 ] ] ] } },
{ "type": "Feature", "properties": { "h3": "881e03604dfffff" }, "geometry": { "type": "Polygon", "coordinates": [ [ [ 19.212601987392969, 47.505582783929569 ], [ 19.21016402599821, 47.501136569385807 ], [ 19.214929384003216, 47.497643099225868 ], [ 19.222132667915201, 47.498595668599435 ], [ 19.224571280801257, 47.503041801859851 ], [ 19.219805958364308, 47.506535447045948 ], [ 19.212601987392969, 47.505582783929569 ] ] ] } },
{ "type": "Feature", "properties": { "h3": "881e036051fffff" }, "geometry": { "type": "Polygon", "coordinates": [ [ [ 19.25815288797968, 47.503351732934178 ], [ 19.255712213330781, 47.498906219255772 ], [ 19.260475690658264, 47.495410643355278 ], [ 19.267679805579192, 47.496360406134094 ], [ 19.270121130783991, 47.500805838070029 ], [ 19.26535769059241, 47.504301588985498 ], [ 19.25815288797968, 47.503351732934178 ] ] ] } },
{ "type": "Feature", "properties": { "h3": "881e036053fffff" }, "geometry": { "type": "Polygon", "coordinates": [ [ [ 19.270121130783991, 47.500805838070029 ], [ 19.267679805579192, 47.496360406134094 ], [ 19.272442667146866, 47.492864186931428 ], [ 19.27964681645388, 47.493813224671968 ], [ 19.282088791935465, 47.498258574749265 ], [ 19.277325967913725, 47.501754968960519 ], [ 19.270121130783991, 47.500805838070029 ] ] ] } },
{ "type": "Feature", "properties": { "h3": "881e036055fffff" }, "geometry": { "type": "Polygon", "coordinates": [ [ [ 19.248508133436374, 47.497955731420035 ], [ 19.246068218403508, 47.493509761075245 ], [ 19.250831732529367, 47.490014360182542 ], [ 19.25803512497011, 47.490964754642704 ], [ 19.260475690658264, 47.495410643355278 ], [ 19.255712213330781, 47.498906219255772 ], [ 19.248508133436374, 47.497955731420035 ] ] ] } },
{ "type": "Feature", "properties": { "h3": "881e036057fffff" }, "geometry": { "type": "Polygon", "coordinates": [ [ [ 19.260475690658264, 47.495410643355278 ], [ 19.25803512497011, 47.490964754642704 ], [ 19.262798023746097, 47.487468710441469 ], [ 19.270001451082351, 47.48841837996725 ], [ 19.272442667146866, 47.492864186931428 ], [ 19.267679805579192, 47.496360406134094 ], [ 19.260475690658264, 47.495410643355278 ] ] ] } },
{ "type": "Feature", "properties": { "h3": "881e036059fffff" }, "geometry": { "type": "Polygon", "coordinates": [ [ [ 19.255829615575546, 47.511291978967911 ], [ 19.253388831979731, 47.506846840419051 ], [ 19.25815288797968, 47.503351732934178 ], [ 19.26535769059241, 47.504301588985498 ], [ 19.267799124923712, 47.508746645797764 ], [ 19.263035105987246, 47.512241928311191 ], [ 19.255829615575546, 47.511291978967911 ] ] ] } },
{ "type": "Feature", "properties": { "h3": "881e03605bfffff" }, "geometry": { "type": "Polygon", "coordinates": [ [ [ 19.267799124923712, 47.508746645797764 ], [ 19.26535769059241, 47.504301588985498 ], [ 19.270121130783991, 47.500805838070029 ], [ 19.277325967913725, 47.501754968960519 ], [ 19.279768052701353, 47.506199943920052 ], [ 19.275004649983391, 47.509695869857694 ], [ 19.267799124923712, 47.508746645797764 ] ] ] } },
{ "type": "Feature", "properties": { "h3": "881e03605dfffff" }, "geometry": { "type": "Polygon", "coordinates": [ [ [ 19.246184064524641, 47.505896259188304 ], [ 19.243744040710592, 47.501450663883602 ], [ 19.248508133436374, 47.497955731420035 ], [ 19.255712213330781, 47.498906219255772 ], [ 19.25815288797968, 47.503351732934178 ], [ 19.253388831979731, 47.506846840419051 ], [ 19.246184064524641, 47.505896259188304 ] ] ] } },
{ "type": "Feature", "properties": { "h3": "881e036061fffff" }, "geometry": { "type": "Polygon", "coordinates": [ [ [ 19.20761669245783, 47.484302499778913 ], [ 19.205179707104357, 47.479855079449756 ], [ 19.209943943359921, 47.476360846997999 ], [ 19.217145129672488, 47.477313859899439 ], [ 19.219582766256586, 47.481761199043852 ], [ 19.214818565377712, 47.48525560648747 ], [ 19.20761669245783, 47.484302499778913 ] ] ] } },
{ "type": "Feature", "properties": { "h3": "881e036063fffff" }, "geometry": { "type": "Polygon", "coordinates": [ [ [ 19.219582766256586, 47.481761199043852 ], [ 19.217145129672488, 47.477313859899439 ], [ 19.221908752169487, 47.473818983986327 ], [ 19.229109975544276, 47.474771272247636 ], [ 19.231548263080779, 47.479218530090876 ], [ 19.226784676370311, 47.482713580989873 ], [ 19.219582766256586, 47.481761199043852 ] ] ] } },
{ "type": "Feature", "properties": { "h3": "881e036065fffff" }, "geometry": { "type": "Polygon", "coordinates": [ [ [ 19.1979785584941, 47.478901341890278 ], [ 19.195542332588477, 47.474453465805084 ], [ 19.200306603883885, 47.470959408337762 ], [ 19.20750706612521, 47.471913051987116 ], [ 19.209943943359921, 47.476360846997999 ], [ 19.205179707104357, 47.479855079449756 ], [ 19.1979785584941, 47.478901341890278 ] ] ] } },
{ "type": "Feature", "properties": { "h3": "881e036067fffff" }, "geometry": { "type": "Polygon", "coordinates": [ [ [ 19.209943943359921, 47.476360846997999 ], [ 19.20750706612521, 47.471913051987116 ], [ 19.212270724071793, 47.46841835105252 ], [ 19.219471223883716, 47.469371270166207 ], [ 19.221908752169487, 47.473818983986327 ], [ 19.217145129672488, 47.477313859899439 ], [ 19.209943943359921, 47.476360846997999 ] ] ] } },
{ "type": "Feature", "properties": { "h3": "881e036069fffff" }, "geometry": { "type": "Polygon", "coordinates": [ [ [ 19.205288971230654, 47.492243309184715 ], [ 19.20285187777252, 47.487796263632866 ], [ 19.20761669245783, 47.484302499778913 ], [ 19.214818565377712, 47.48525560648747 ], [ 19.217256310246114, 47.489702570860516 ], [ 19.21249153086459, 47.493196509719731 ], [ 19.205288971230654, 47.492243309184715 ] ] ] } },
{ "type": "Feature", "properties": { "h3": "881e03606bfffff" }, "geometry": { "type": "Polygon", "coordinates": [ [ [ 19.217256310246114, 47.489702570860516 ], [ 19.214818565377712, 47.48525560648747 ], [ 19.219582766256586, 47.481761199043852 ], [ 19.226784676370311, 47.482713580989873 ], [ 19.229223072370679, 47.487160464067721 ], [ 19.224458907205584, 47.490655046510639 ], [ 19.217256310246114, 47.489702570860516 ] ] ] } },
{ "type": "Feature", "properties": { "h3": "881e03606dfffff" }, "geometry": { "type": "Polygon", "coordinates": [ [ [ 19.195650042686715, 47.486842432143966 ], [ 19.193213708841963, 47.482394930746459 ], [ 19.1979785584941, 47.478901341890278 ], [ 19.205179707104357, 47.479855079449756 ], [ 19.20761669245783, 47.484302499778913 ], [ 19.20285187777252, 47.487796263632866 ], [ 19.195650042686715, 47.486842432143966 ] ] ] } },
{ "type": "Feature", "properties": { "h3": "881e036081fffff" }, "geometry": { "type": "Polygon", "coordinates": [ [ [ 19.324936281087776, 47.466774363213567 ], [ 19.322492686066006, 47.46232813468216 ], [ 19.327251346424941, 47.458827940993771 ], [ 19.334453562485837, 47.459773800911307 ], [ 19.336897806129031, 47.464219947101924 ], [ 19.332139185170448, 47.467720315731611 ], [ 19.324936281087776, 47.466774363213567 ] ] ] } },
{ "type": "Feature", "properties": { "h3": "881e036085fffff" }, "geometry": { "type": "Polygon", "coordinates": [ [ [ 19.31529050144049, 47.461381550171296 ], [ 19.31284766503887, 47.456934864691668 ], [ 19.317606364460556, 47.453434845937942 ], [ 19.324807861301572, 47.454381337744991 ], [ 19.327251346424941, 47.458827940993771 ], [ 19.322492686066006, 47.46232813468216 ], [ 19.31529050144049, 47.461381550171296 ] ] ] } },
{ "type": "Feature", "properties": { "h3": "881e036089fffff" }, "geometry": { "type": "Polygon", "coordinates": [ [ [ 19.322620747570312, 47.474719943192973 ], [ 19.320177042663616, 47.470274089474721 ], [ 19.324936281087776, 47.466774363213567 ], [ 19.332139185170448, 47.467720315731611 ], [ 19.334583538877702, 47.472166087115077 ], [ 19.329824339782249, 47.475665988331087 ], [ 19.322620747570312, 47.474719943192973 ] ] ] } },
{ "type": "Feature", "properties": { "h3": "881e03608dfffff" }, "geometry": { "type": "Polygon", "coordinates": [ [ [ 19.312974170146177, 47.46932741224051 ], [ 19.310531224025315, 47.464881101484309 ], [ 19.31529050144049, 47.461381550171296 ], [ 19.322492686066006, 47.46232813468216 ], [ 19.324936281087776, 47.466774363213567 ], [ 19.320177042663616, 47.470274089474721 ], [ 19.312974170146177, 47.46932741224051 ] ] ] } },
{ "type": "Feature", "properties": { "h3": "881e0360c1fffff" }, "geometry": { "type": "Polygon", "coordinates": [ [ [ 19.308340102197015, 47.485216609042375 ], [ 19.305896936678284, 47.480771048020202 ], [ 19.310657370443209, 47.477272431934509 ], [ 19.317860930959966, 47.4782192019116 ], [ 19.320304745738067, 47.482664680720994 ], [ 19.315544350820549, 47.486163471781886 ], [ 19.308340102197015, 47.485216609042375 ] ] ] } },
{ "type": "Feature", "properties": { "h3": "881e0360c3fffff" }, "geometry": { "type": "Polygon", "coordinates": [ [ [ 19.320304745738067, 47.482664680720994 ], [ 19.317860930959966, 47.4782192019116 ], [ 19.322620747570312, 47.474719943192973 ], [ 19.329824339782249, 47.475665988331087 ], [ 19.332268803540085, 47.480111384811664 ], [ 19.327509026186778, 47.48361081849874 ], [ 19.320304745738067, 47.482664680720994 ] ] ] } },
{ "type": "Feature", "properties": { "h3": "881e0360c5fffff" }, "geometry": { "type": "Polygon", "coordinates": [ [ [ 19.29869340849659, 47.479823553184659 ], [ 19.296251002029486, 47.475377535144901 ], [ 19.301011474304101, 47.471879094027578 ], [ 19.308214314616613, 47.472826495997481 ], [ 19.310657370443209, 47.477272431934509 ], [ 19.305896936678284, 47.480771048020202 ], [ 19.29869340849659, 47.479823553184659 ] ] ] } },
{ "type": "Feature", "properties": { "h3": "881e0360c7fffff" }, "geometry": { "type": "Polygon", "coordinates": [ [ [ 19.310657370443209, 47.477272431934509 ], [ 19.308214314616613, 47.472826495997481 ], [ 19.312974170146177, 47.46932741224051 ], [ 19.320177042663616, 47.470274089474721 ], [ 19.322620747570312, 47.474719943192973 ], [ 19.317860930959966, 47.4782192019116 ], [ 19.310657370443209, 47.477272431934509 ] ] ] } },
{ "type": "Feature", "properties": { "h3": "881e0360c9fffff" }, "geometry": { "type": "Polygon", "coordinates": [ [ [ 19.306022365273062, 47.493159943353348 ], [ 19.303579090075768, 47.488714757341612 ], [ 19.308340102197015, 47.485216609042375 ], [ 19.315544350820549, 47.486163471781886 ], [ 19.317988275456496, 47.490608575586791 ], [ 19.313227302110821, 47.494106898874847 ], [ 19.306022365273062, 47.493159943353348 ] ] ] } },
{ "type": "Feature", "properties": { "h3": "881e0360cbfffff" }, "geometry": { "type": "Polygon", "coordinates": [ [ [ 19.317988275456496, 47.490608575586791 ], [ 19.315544350820549, 47.486163471781886 ], [ 19.320304745738067, 47.482664680720994 ], [ 19.327509026186778, 47.48361081849874 ], [ 19.32995359998176, 47.488055839980809 ], [ 19.325193244249562, 47.491554806023757 ], [ 19.317988275456496, 47.490608575586791 ] ] ] } },
{ "type": "Feature", "properties": { "h3": "881e0360cdfffff" }, "geometry": { "type": "Polygon", "coordinates": [ [ [ 19.296374873917546, 47.487767169620909 ], [ 19.293932357937607, 47.483321526501982 ], [ 19.29869340849659, 47.479823553184659 ], [ 19.305896936678284, 47.480771048020202 ], [ 19.308340102197015, 47.485216609042375 ], [ 19.303579090075768, 47.488714757341612 ], [ 19.296374873917546, 47.487767169620909 ] ] ] } },
{ "type": "Feature", "properties": { "h3": "881e0360d5fffff" }, "geometry": { "type": "Polygon", "coordinates": [ [ [ 19.332268803540085, 47.480111384811664 ], [ 19.329824339782249, 47.475665988331087 ], [ 19.334583538877702, 47.472166087115077 ], [ 19.341787162145007, 47.47311140743389 ], [ 19.344232274602881, 47.477556721469725 ], [ 19.339473115173995, 47.481056797647298 ], [ 19.332268803540085, 47.480111384811664 ] ] ] } },
{ "type": "Feature", "properties": { "h3": "881e0360e1fffff" }, "geometry": { "type": "Polygon", "coordinates": [ [ [ 19.291367057527246, 47.466484667406569 ], [ 19.288925519406941, 47.462037817813538 ], [ 19.293685451762205, 47.458539083959423 ], [ 19.300886884074117, 47.459487024766155 ], [ 19.303329071474657, 47.463933792360528 ], [ 19.298569177363483, 47.467432701162657 ], [ 19.291367057527246, 47.466484667406569 ] ] ] } },
{ "type": "Feature", "properties": { "h3": "881e0360e3fffff" }, "geometry": { "type": "Polygon", "coordinates": [ [ [ 19.303329071474657, 47.463933792360528 ], [ 19.300886884074117, 47.459487024766155 ], [ 19.305646200142736, 47.455987648394498 ], [ 19.31284766503887, 47.456934864691668 ], [ 19.31529050144049, 47.461381550171296 ], [ 19.310531224025315, 47.464881101484309 ], [ 19.303329071474657, 47.463933792360528 ] ] ] } },
{ "type": "Feature", "properties": { "h3": "881e0360e5fffff" }, "geometry": { "type": "Polygon", "coordinates": [ [ [ 19.281724120318749, 47.461089152478017 ], [ 19.279283340952968, 47.456641846356796 ], [ 19.284043311215004, 47.453143287443794 ], [ 19.291244023016425, 47.454091859726731 ], [ 19.293685451762205, 47.458539083959423 ], [ 19.288925519406941, 47.462037817813538 ], [ 19.281724120318749, 47.461089152478017 ] ] ] } },
{ "type": "Feature", "properties": { "h3": "881e0360e7fffff" }, "geometry": { "type": "Polygon", "coordinates": [ [ [ 19.293685451762205, 47.458539083959423 ], [ 19.291244023016425, 47.454091859726731 ], [ 19.296003377401082, 47.450592658289636 ], [ 19.303204122295895, 47.451540506166495 ], [ 19.305646200142736, 47.455987648394498 ], [ 19.300886884074117, 47.459487024766155 ], [ 19.293685451762205, 47.458539083959423 ] ] ] } },
{ "type": "Feature", "properties": { "h3": "881e0360e9fffff" }, "geometry": { "type": "Polygon", "coordinates": [ [ [ 19.289048194561701, 47.474429408419972 ], [ 19.286606547080517, 47.469982933562413 ], [ 19.291367057527246, 47.466484667406569 ], [ 19.298569177363483, 47.467432701162657 ], [ 19.301011474304101, 47.471879094027578 ], [ 19.296251002029486, 47.475377535144901 ], [ 19.289048194561701, 47.474429408419972 ] ] ] } },
{ "type": "Feature", "properties": { "h3": "881e0360ebfffff" }, "geometry": { "type": "Polygon", "coordinates": [ [ [ 19.301011474304101, 47.471879094027578 ], [ 19.298569177363483, 47.467432701162657 ], [ 19.303329071474657, 47.463933792360528 ], [ 19.310531224025315, 47.464881101484309 ], [ 19.312974170146177, 47.46932741224051 ], [ 19.308214314616613, 47.472826495997481 ], [ 19.301011474304101, 47.471879094027578 ] ] ] } },
{ "type": "Feature", "properties": { "h3": "881e0360edfffff" }, "geometry": { "type": "Polygon", "coordinates": [ [ [ 19.279404460598379, 47.469034175154825 ], [ 19.276963572037307, 47.464587243679311 ], [ 19.281724120318749, 47.461089152478017 ], [ 19.288925519406941, 47.462037817813538 ], [ 19.291367057527246, 47.466484667406569 ], [ 19.286606547080517, 47.469982933562413 ], [ 19.279404460598379, 47.469034175154825 ] ] ] } },
{ "type": "Feature", "properties": { "h3": "881e036101fffff" }, "geometry": { "type": "Polygon", "coordinates": [ [ [ 19.173733443875083, 47.446804959179914 ], [ 19.171299710838433, 47.442354968478533 ], [ 19.176062929320455, 47.438860498963052 ], [ 19.183259846742754, 47.439815845229319 ], [ 19.1856942310439, 47.444265755175842 ], [ 19.18093104673822, 47.447760399626887 ], [ 19.173733443875083, 47.446804959179914 ] ] ] } },
{ "type": "Feature", "properties": { "h3": "881e036103fffff" }, "geometry": { "type": "Polygon", "coordinates": [ [ [ 19.1856942310439, 47.444265755175842 ], [ 19.183259846742754, 47.439815845229319 ], [ 19.188022453199679, 47.436320732485996 ], [ 19.195219409452076, 47.437275354775238 ], [ 19.197654444740358, 47.441725183850288 ], [ 19.192891872869097, 47.445220471523484 ], [ 19.1856942310439, 47.444265755175842 ] ] ] } },
{ "type": "Feature", "properties": { "h3": "881e036105fffff" }, "geometry": { "type": "Polygon", "coordinates": [ [ [ 19.164102832885437, 47.44139889821782 ], [ 19.161669858696865, 47.436948452741326 ], [ 19.166433111019057, 47.433454158153907 ], [ 19.173629303769587, 47.434410134130871 ], [ 19.176062929320455, 47.438860498963052 ], [ 19.171299710838433, 47.442354968478533 ], [ 19.164102832885437, 47.44139889821782 ] ] ] } },
{ "type": "Feature", "properties": { "h3": "881e036107fffff" }, "geometry": { "type": "Polygon", "coordinates": [ [ [ 19.176062929320455, 47.438860498963052 ], [ 19.173629303769587, 47.434410134130871 ], [ 19.178391944475941, 47.430915196310004 ], [ 19.185588176563698, 47.431870448414777 ], [ 19.188022453199679, 47.436320732485996 ], [ 19.183259846742754, 47.439815845229319 ], [ 19.176062929320455, 47.438860498963052 ] ] ] } },
{ "type": "Feature", "properties": { "h3": "881e036109fffff" }, "geometry": { "type": "Polygon", "coordinates": [ [ [ 19.171403488005069, 47.454748576749381 ], [ 19.168969647496908, 47.450298960274779 ], [ 19.173733443875083, 47.446804959179914 ], [ 19.18093104673822, 47.447760399626887 ], [ 19.183365538690349, 47.452209935352698 ], [ 19.178601776415366, 47.455704111396258 ], [ 19.171403488005069, 47.454748576749381 ] ] ] } },
{ "type": "Feature", "properties": { "h3": "881e03610bfffff" }, "geometry": { "type": "Polygon", "coordinates": [ [ [ 19.183365538690349, 47.452209935352698 ], [ 19.18093104673822, 47.447760399626887 ], [ 19.1856942310439, 47.444265755175842 ], [ 19.192891872869097, 47.445220471523484 ], [ 19.195327015987779, 47.449669926383898 ], [ 19.190563866194722, 47.45316474577799 ], [ 19.183365538690349, 47.452209935352698 ] ] ] } },
{ "type": "Feature", "properties": { "h3": "881e03610dfffff" }, "geometry": { "type": "Polygon", "coordinates": [ [ [ 19.16177208423521, 47.449342795711139 ], [ 19.159339002740314, 47.444892724371506 ], [ 19.164102832885437, 47.44139889821782 ], [ 19.171299710838433, 47.442354968478533 ], [ 19.173733443875083, 47.446804959179914 ], [ 19.168969647496908, 47.450298960274779 ], [ 19.16177208423521, 47.449342795711139 ] ] ] } },
{ "type": "Feature", "properties": { "h3": "881e036111fffff" }, "geometry": { "type": "Polygon", "coordinates": [ [ [ 19.207287918895986, 47.447128549994645 ], [ 19.20485212488833, 47.442679176116172 ], [ 19.209614083963444, 47.439183245355061 ], [ 19.216811801794965, 47.440136513556922 ], [ 19.219248246413905, 47.444585806336939 ], [ 19.214486322670115, 47.448081912029437 ], [ 19.207287918895986, 47.447128549994645 ] ] ] } },
{ "type": "Feature", "properties": { "h3": "881e036113fffff" }, "geometry": { "type": "Polygon", "coordinates": [ [ [ 19.219248246413905, 47.444585806336939 ], [ 19.216811801794965, 47.440136513556922 ], [ 19.221573147712451, 47.436639939842252 ], [ 19.228770902588419, 47.437592483998046 ], [ 19.231207997540803, 47.442041695563127 ], [ 19.226446687363875, 47.445538444203223 ], [ 19.219248246413905, 47.444585806336939 ] ] ] } },
{ "type": "Feature", "properties": { "h3": "881e036115fffff" }, "geometry": { "type": "Polygon", "coordinates": [ [ [ 19.197654444740358, 47.441725183850288 ], [ 19.195219409452076, 47.437275354775238 ], [ 19.19998140352212, 47.433779598938216 ], [ 19.207178397965539, 47.434733497268034 ], [ 19.209614083963444, 47.439183245355061 ], [ 19.20485212488833, 47.442679176116172 ], [ 19.197654444740358, 47.441725183850288 ] ] ] } },
{ "type": "Feature", "properties": { "h3": "881e036117fffff" }, "geometry": { "type": "Polygon", "coordinates": [ [ [ 19.209614083963444, 47.439183245355061 ], [ 19.207178397965539, 47.434733497268034 ], [ 19.211939779287125, 47.431237098471591 ], [ 19.219136811282588, 47.432190272859799 ], [ 19.221573147712451, 47.436639939842252 ], [ 19.216811801794965, 47.440136513556922 ], [ 19.209614083963444, 47.439183245355061 ] ] ] } },
{ "type": "Feature", "properties": { "h3": "881e036119fffff" }, "geometry": { "type": "Polygon", "coordinates": [ [ [ 19.204961283950045, 47.455073012179028 ], [ 19.202525381946725, 47.450624012605104 ], [ 19.207287918895986, 47.447128549994645 ], [ 19.214486322670115, 47.448081912029437 ], [ 19.21692287546405, 47.452530830510995 ], [ 19.212160373773326, 47.456026468066064 ], [ 19.204961283950045, 47.455073012179028 ] ] ] } },
{ "type": "Feature", "properties": { "h3": "881e03611bfffff" }, "geometry": { "type": "Polygon", "coordinates": [ [ [ 19.21692287546405, 47.452530830510995 ], [ 19.214486322670115, 47.448081912029437 ], [ 19.219248246413905, 47.444585806336939 ], [ 19.226446687363875, 47.445538444203223 ], [ 19.228883890670602, 47.449987281475948 ], [ 19.224122002594704, 47.45348356210711 ], [ 19.21692287546405, 47.452530830510995 ] ] ] } },
{ "type": "Feature", "properties": { "h3": "881e03611dfffff" }, "geometry": { "type": "Polygon", "coordinates": [ [ [ 19.195327015987779, 47.449669926383898 ], [ 19.192891872869097, 47.445220471523484 ], [ 19.197654444740358, 47.441725183850288 ], [ 19.20485212488833, 47.442679176116172 ], [ 19.207287918895986, 47.447128549994645 ], [ 19.202525381946725, 47.450624012605104 ], [ 19.195327015987779, 47.449669926383898 ] ] ] } },
{ "type": "Feature", "properties": { "h3": "881e036121fffff" }, "geometry": { "type": "Polygon", "coordinates": [ [ [ 19.156804776340955, 47.428046733156989 ], [ 19.154372668088413, 47.423595459155116 ], [ 19.159135376285665, 47.420100871156784 ], [ 19.166330159237809, 47.421057382268735 ], [ 19.16876291877087, 47.425508575730746 ], [ 19.164000244151111, 47.429003338636583 ], [ 19.156804776340955, 47.428046733156989 ] ] ] } },
{ "type": "Feature", "properties": { "h3": "881e036123fffff" }, "geometry": { "type": "Polygon", "coordinates": [ [ [ 19.16876291877087, 47.425508575730746 ], [ 19.166330159237809, 47.421057382268735 ], [ 19.171092256275511, 47.417562151159792 ], [ 19.178287078939643, 47.418517938626835 ], [ 19.180720489476258, 47.422969051432219 ], [ 19.175958426425101, 47.426464457443124 ], [ 19.16876291877087, 47.425508575730746 ] ] ] } },
{ "type": "Feature", "properties": { "h3": "881e036125fffff" }, "geometry": { "type": "Polygon", "coordinates": [ [ [ 19.147177925486968, 47.422638224381025 ], [ 19.14474657578225, 47.418186496095274 ], [ 19.149509317221195, 47.414692082996922 ], [ 19.156703375202977, 47.415649223300299 ], [ 19.159135376285665, 47.420100871156784 ], [ 19.154372668088413, 47.423595459155116 ], [ 19.147177925486968, 47.422638224381025 ] ] ] } },
{ "type": "Feature", "properties": { "h3": "881e036127fffff" }, "geometry": { "type": "Polygon", "coordinates": [ [ [ 19.159135376285665, 47.420100871156784 ], [ 19.156703375202977, 47.415649223300299 ], [ 19.161465505891385, 47.412154167085895 ], [ 19.168659604091651, 47.413110583849381 ], [ 19.171092256275511, 47.417562151159792 ], [ 19.166330159237809, 47.421057382268735 ], [ 19.159135376285665, 47.420100871156784 ] ] ] } },
{ "type": "Feature", "properties": { "h3": "881e036129fffff" }, "geometry": { "type": "Polygon", "coordinates": [ [ [ 19.154473705922598, 47.435991752874941 ], [ 19.152041490514549, 47.431540852823858 ], [ 19.156804776340955, 47.428046733156989 ], [ 19.164000244151111, 47.429003338636583 ], [ 19.166433111019057, 47.433454158153907 ], [ 19.161669858696865, 47.436948452741326 ], [ 19.154473705922598, 47.435991752874941 ] ] ] } },
{ "type": "Feature", "properties": { "h3": "881e03612bfffff" }, "geometry": { "type": "Polygon", "coordinates": [ [ [ 19.166433111019057, 47.433454158153907 ], [ 19.164000244151111, 47.429003338636583 ], [ 19.16876291877087, 47.425508575730746 ], [ 19.175958426425101, 47.426464457443124 ], [ 19.178391944475941, 47.430915196310004 ], [ 19.173629303769587, 47.434410134130871 ], [ 19.166433111019057, 47.433454158153907 ] ] ] } },
{ "type": "Feature", "properties": { "h3": "881e03612dfffff" }, "geometry": { "type": "Polygon", "coordinates": [ [ [ 19.144846063187401, 47.430583523559939 ], [ 19.142414606492224, 47.426132169134924 ], [ 19.147177925486968, 47.422638224381025 ], [ 19.154372668088413, 47.423595459155116 ], [ 19.156804776340955, 47.428046733156989 ], [ 19.152041490514549, 47.431540852823858 ], [ 19.144846063187401, 47.430583523559939 ] ] ] } },
{ "type": "Feature", "properties": { "h3": "881e036131fffff" }, "geometry": { "type": "Polygon", "coordinates": [ [ [ 19.190350205292351, 47.428374867494512 ], [ 19.187916036335725, 47.423924209394741 ], [ 19.192677487456624, 47.420428160412897 ], [ 19.199873072882546, 47.421382594643049 ], [ 19.202307892467669, 47.42583317185909 ], [ 19.197546476078355, 47.429329395744602 ], [ 19.190350205292351, 47.428374867494512 ] ] ] } },
{ "type": "Feature", "properties": { "h3": "881e036133fffff" }, "geometry": { "type": "Polygon", "coordinates": [ [ [ 19.202307892467669, 47.42583317185909 ], [ 19.199873072882546, 47.421382594643049 ], [ 19.204633911711685, 47.417885902824501 ], [ 19.211829535065377, 47.418839613340012 ], [ 19.214265005001607, 47.42329010955573 ], [ 19.209504201313024, 47.426786976272133 ], [ 19.202307892467669, 47.42583317185909 ] ] ] } },
{ "type": "Feature", "properties": { "h3": "881e036135fffff" }, "geometry": { "type": "Polygon", "coordinates": [ [ [ 19.180720489476258, 47.422969051432219 ], [ 19.178287078939643, 47.418517938626835 ], [ 19.183048564456072, 47.415022064541311 ], [ 19.190243426193515, 47.41597712838076 ], [ 19.192677487456624, 47.420428160412897 ], [ 19.187916036335725, 47.423924209394741 ], [ 19.180720489476258, 47.422969051432219 ] ] ] } },
{ "type": "Feature", "properties": { "h3": "881e036137fffff" }, "geometry": { "type": "Polygon", "coordinates": [ [ [ 19.192677487456624, 47.420428160412897 ], [ 19.190243426193515, 47.41597712838076 ], [ 19.195004299827104, 47.4124806114528 ], [ 19.202199199999303, 47.413434951682262 ], [ 19.204633911711685, 47.417885902824501 ], [ 19.199873072882546, 47.421382594643049 ], [ 19.192677487456624, 47.420428160412897 ] ] ] } },
{ "type": "Feature", "properties": { "h3": "881e036139fffff" }, "geometry": { "type": "Polygon", "coordinates": [ [ [ 19.188022453199679, 47.436320732485996 ], [ 19.185588176563698, 47.431870448414777 ], [ 19.190350205292351, 47.428374867494512 ], [ 19.197546476078355, 47.429329395744602 ], [ 19.19998140352212, 47.433779598938216 ], [ 19.195219409452076, 47.437275354775238 ], [ 19.188022453199679, 47.436320732485996 ] ] ] } },
{ "type": "Feature", "properties": { "h3": "881e03613bfffff" }, "geometry": { "type": "Polygon", "coordinates": [ [ [ 19.19998140352212, 47.433779598938216 ], [ 19.197546476078355, 47.429329395744602 ], [ 19.202307892467669, 47.42583317185909 ], [ 19.209504201313024, 47.426786976272133 ], [ 19.211939779287125, 47.431237098471591 ], [ 19.207178397965539, 47.434733497268034 ], [ 19.19998140352212, 47.433779598938216 ] ] ] } },
{ "type": "Feature", "properties": { "h3": "881e03613dfffff" }, "geometry": { "type": "Polygon", "coordinates": [ [ [ 19.178391944475941, 47.430915196310004 ], [ 19.175958426425101, 47.426464457443124 ], [ 19.180720489476258, 47.422969051432219 ], [ 19.187916036335725, 47.423924209394741 ], [ 19.190350205292351, 47.428374867494512 ], [ 19.185588176563698, 47.431870448414777 ], [ 19.178391944475941, 47.430915196310004 ] ] ] } },
{ "type": "Feature", "properties": { "h3": "881e036141fffff" }, "geometry": { "type": "Polygon", "coordinates": [ [ [ 19.157109174845672, 47.465228062141307 ], [ 19.154675878781131, 47.46077873936332 ], [ 19.159440864933558, 47.457285850422636 ], [ 19.166639113610223, 47.458242109308429 ], [ 19.16907306157561, 47.462691351460315 ], [ 19.164308109043514, 47.46618441536846 ], [ 19.157109174845672, 47.465228062141307 ] ] ] } },
{ "type": "Feature", "properties": { "h3": "881e036143fffff" }, "geometry": { "type": "Polygon", "coordinates": [ [ [ 19.16907306157561, 47.462691351460315 ], [ 19.166639113610223, 47.458242109308429 ], [ 19.171403488005069, 47.454748576749381 ], [ 19.178601776415366, 47.455704111396258 ], [ 19.181036376004261, 47.460153272805407 ], [ 19.176272035639379, 47.463646980326338 ], [ 19.16907306157561, 47.462691351460315 ] ] ] } },
{ "type": "Feature", "properties": { "h3": "881e036145fffff" }, "geometry": { "type": "Polygon", "coordinates": [ [ [ 19.147477670477787, 47.459821756221494 ], [ 19.145045133689322, 47.455371978599267 ], [ 19.149810153125841, 47.45187926461837 ], [ 19.15700767614668, 47.452836153315879 ], [ 19.159440864933558, 47.457285850422636 ], [ 19.154675878781131, 47.46077873936332 ], [ 19.147477670477787, 47.459821756221494 ] ] ] } },
{ "type": "Feature", "properties": { "h3": "881e036147fffff" }, "geometry": { "type": "Polygon", "coordinates": [ [ [ 19.159440864933558, 47.457285850422636 ], [ 19.15700767614668, 47.452836153315879 ], [ 19.16177208423521, 47.449342795711139 ], [ 19.168969647496908, 47.450298960274779 ], [ 19.171403488005069, 47.454748576749381 ], [ 19.166639113610223, 47.458242109308429 ], [ 19.159440864933558, 47.457285850422636 ] ] ] } },
{ "type": "Feature", "properties": { "h3": "881e036149fffff" }, "geometry": { "type": "Polygon", "coordinates": [ [ [ 19.154777013836636, 47.473169430656334 ], [ 19.152343610508762, 47.468720482302899 ], [ 19.157109174845672, 47.465228062141307 ], [ 19.164308109043514, 47.46618441536846 ], [ 19.166742164451851, 47.470633283101797 ], [ 19.161976633661908, 47.474125878244038 ], [ 19.154777013836636, 47.473169430656334 ] ] ] } },
{ "type": "Feature", "properties": { "h3": "881e03614bfffff" }, "geometry": { "type": "Polygon", "coordinates": [ [ [ 19.166742164451851, 47.470633283101797 ], [ 19.164308109043514, 47.46618441536846 ], [ 19.16907306157561, 47.462691351460315 ], [ 19.176272035639379, 47.463646980326338 ], [ 19.178706742850814, 47.468095767322957 ], [ 19.173941824275435, 47.471589006206209 ], [ 19.166742164451851, 47.470633283101797 ] ] ] } },
{ "type": "Feature", "properties": { "h3": "881e03614dfffff" }, "geometry": { "type": "Polygon", "coordinates": [ [ [ 19.145144716816745, 47.467763404697585 ], [ 19.142712072930262, 47.463314001410133 ], [ 19.147477670477787, 47.459821756221494 ], [ 19.154675878781131, 47.46077873936332 ], [ 19.157109174845672, 47.465228062141307 ], [ 19.152343610508762, 47.468720482302899 ], [ 19.145144716816745, 47.467763404697585 ] ] ] } },
{ "type": "Feature", "properties": { "h3": "881e036151fffff" }, "geometry": { "type": "Polygon", "coordinates": [ [ [ 19.190670748031206, 47.465556883470924 ], [ 19.188235389294217, 47.461108177327596 ], [ 19.192999117129649, 47.457613826327815 ], [ 19.200198169006065, 47.458568006523592 ], [ 19.202634178990916, 47.463016631697073 ], [ 19.197870485931588, 47.466511157660541 ], [ 19.190670748031206, 47.465556883470924 ] ] ] } },
{ "type": "Feature", "properties": { "h3": "881e036153fffff" }, "geometry": { "type": "Polygon", "coordinates": [ [ [ 19.202634178990916, 47.463016631697073 ], [ 19.200198169006065, 47.458568006523592 ], [ 19.204961283950045, 47.455073012179028 ], [ 19.212160373773326, 47.456026468066064 ], [ 19.214597034728257, 47.460475012153211 ], [ 19.209833954969952, 47.463970181455608 ], [ 19.202634178990916, 47.463016631697073 ] ] ] } },
{ "type": "Feature", "properties": { "h3": "881e036155fffff" }, "geometry": { "type": "Polygon", "coordinates": [ [ [ 19.181036376004261, 47.460153272805407 ], [ 19.178601776415366, 47.455704111396258 ], [ 19.183365538690349, 47.452209935352698 ], [ 19.190563866194722, 47.45316474577799 ], [ 19.192999117129649, 47.457613826327815 ], [ 19.188235389294217, 47.461108177327596 ], [ 19.181036376004261, 47.460153272805407 ] ] ] } },
{ "type": "Feature", "properties": { "h3": "881e036157fffff" }, "geometry": { "type": "Polygon", "coordinates": [ [ [ 19.192999117129649, 47.457613826327815 ], [ 19.190563866194722, 47.45316474577799 ], [ 19.195327015987779, 47.449669926383898 ], [ 19.202525381946725, 47.450624012605104 ], [ 19.204961283950045, 47.455073012179028 ], [ 19.200198169006065, 47.458568006523592 ], [ 19.192999117129649, 47.457613826327815 ] ] ] } },
{ "type": "Feature", "properties": { "h3": "881e036159fffff" }, "geometry": { "type": "Polygon", "coordinates": [ [ [ 19.188341908557629, 47.473499097602321 ], [ 19.185906442032763, 47.469050765961285 ], [ 19.190670748031206, 47.465556883470924 ], [ 19.197870485931588, 47.466511157660541 ], [ 19.200306603883885, 47.470959408337762 ], [ 19.195542332588477, 47.474453465805084 ], [ 19.188341908557629, 47.473499097602321 ] ] ] } },
{ "type": "Feature", "properties": { "h3": "881e03615bfffff" }, "geometry": { "type": "Polygon", "coordinates": [ [ [ 19.200306603883885, 47.470959408337762 ], [ 19.197870485931588, 47.466511157660541 ], [ 19.202634178990916, 47.463016631697073 ], [ 19.209833954969952, 47.463970181455608 ], [ 19.212270724071793, 47.46841835105252 ], [ 19.20750706612521, 47.471913051987116 ], [ 19.200306603883885, 47.470959408337762 ] ] ] } },
{ "type": "Feature", "properties": { "h3": "881e03615dfffff" }, "geometry": { "type": "Polygon", "coordinates": [ [ [ 19.178706742850814, 47.468095767322957 ], [ 19.176272035639379, 47.463646980326338 ], [ 19.181036376004261, 47.460153272805407 ], [ 19.188235389294217, 47.461108177327596 ], [ 19.190670748031206, 47.465556883470924 ], [ 19.185906442032763, 47.469050765961285 ], [ 19.178706742850814, 47.468095767322957 ] ] ] } },
{ "type": "Feature", "properties": { "h3": "881e036161fffff" }, "geometry": { "type": "Polygon", "coordinates": [ [ [ 19.140180926353196, 47.446471594456177 ], [ 19.137749255720248, 47.442020988041158 ], [ 19.142513730187748, 47.438527980322114 ], [ 19.14970984234661, 47.439485404095031 ], [ 19.152142164895832, 47.443935930099144 ], [ 19.147377723449804, 47.447429112757213 ], [ 19.140180926353196, 47.446471594456177 ] ] ] } },
{ "type": "Feature", "properties": { "h3": "881e036163fffff" }, "geometry": { "type": "Polygon", "coordinates": [ [ [ 19.152142164895832, 47.443935930099144 ], [ 19.14970984234661, 47.439485404095031 ], [ 19.154473705922598, 47.435991752874941 ], [ 19.161669858696865, 47.436948452741326 ], [ 19.164102832885437, 47.44139889821782 ], [ 19.159339002740314, 47.444892724371506 ], [ 19.152142164895832, 47.443935930099144 ] ] ] } },
{ "type": "Feature", "properties": { "h3": "881e036165fffff" }, "geometry": { "type": "Polygon", "coordinates": [ [ [ 19.13055318481603, 47.441062840344856 ], [ 19.128122273158247, 47.436611779576573 ], [ 19.132886780311356, 47.433118946788852 ], [ 19.140082166516468, 47.434076999854057 ], [ 19.142513730187748, 47.438527980322114 ], [ 19.137749255720248, 47.442020988041158 ], [ 19.13055318481603, 47.441062840344856 ] ] ] } },
{ "type": "Feature", "properties": { "h3": "881e036167fffff" }, "geometry": { "type": "Polygon", "coordinates": [ [ [ 19.142513730187748, 47.438527980322114 ], [ 19.140082166516468, 47.434076999854057 ], [ 19.144846063187401, 47.430583523559939 ], [ 19.152041490514549, 47.431540852823858 ], [ 19.154473705922598, 47.435991752874941 ], [ 19.14970984234661, 47.439485404095031 ], [ 19.142513730187748, 47.438527980322114 ] ] ] } },
{ "type": "Feature", "properties": { "h3": "881e036169fffff" }, "geometry": { "type": "Polygon", "coordinates": [ [ [ 19.137847651548899, 47.454414365750949 ], [ 19.135415873968707, 47.449964133484968 ], [ 19.140180926353196, 47.446471594456177 ], [ 19.147377723449804, 47.447429112757213 ], [ 19.149810153125841, 47.45187926461837 ], [ 19.145045133689322, 47.455371978599267 ], [ 19.137847651548899, 47.454414365750949 ] ] ] } },
{ "type": "Feature", "properties": { "h3": "881e03616bfffff" }, "geometry": { "type": "Polygon", "coordinates": [ [ [ 19.149810153125841, 47.45187926461837 ], [ 19.147377723449804, 47.447429112757213 ], [ 19.152142164895832, 47.443935930099144 ], [ 19.159339002740314, 47.444892724371506 ], [ 19.16177208423521, 47.449342795711139 ], [ 19.15700767614668, 47.452836153315879 ], [ 19.149810153125841, 47.45187926461837 ] ] ] } },
{ "type": "Feature", "properties": { "h3": "881e03616dfffff" }, "geometry": { "type": "Polygon", "coordinates": [ [ [ 19.128219118259373, 47.449005891138434 ], [ 19.125788099819488, 47.4445552044293 ], [ 19.13055318481603, 47.441062840344856 ], [ 19.137749255720248, 47.442020988041158 ], [ 19.140180926353196, 47.446471594456177 ], [ 19.135415873968707, 47.449964133484968 ], [ 19.128219118259373, 47.449005891138434 ] ] ] } },
{ "type": "Feature", "properties": { "h3": "881e036181fffff" }, "geometry": { "type": "Polygon", "coordinates": [ [ [ 19.2574468761124, 47.429001822724857 ], [ 19.255008590053755, 47.424552399754873 ], [ 19.259767516770125, 47.421053430466507 ], [ 19.266964692585219, 47.422003709270243 ], [ 19.269403627963982, 47.426453050669949 ], [ 19.264644738287739, 47.429952194852063 ], [ 19.2574468761124, 47.429001822724857 ] ] ] } },
{ "type": "Feature", "properties": { "h3": "881e036185fffff" }, "geometry": { "type": "Polygon", "coordinates": [ [ [ 19.247811449235467, 47.423601397082706 ], [ 19.245373921336437, 47.41915151856481 ], [ 19.250132884756361, 47.415652724163273 ], [ 19.257329339451914, 47.416603633408691 ], [ 19.259767516770125, 47.421053430466507 ], [ 19.255008590053755, 47.424552399754873 ], [ 19.247811449235467, 47.423601397082706 ] ] ] } },
{ "type": "Feature", "properties": { "h3": "881e036189fffff" }, "geometry": { "type": "Polygon", "coordinates": [ [ [ 19.255125766619962, 47.436949373278381 ], [ 19.252687371834664, 47.432500324492437 ], [ 19.2574468761124, 47.429001822724857 ], [ 19.264644738287739, 47.429952194852063 ], [ 19.267083782572197, 47.434401162073883 ], [ 19.262324315262369, 47.437899838748464 ], [ 19.255125766619962, 47.436949373278381 ] ] ] } },
{ "type": "Feature", "properties": { "h3": "881e03618dfffff" }, "geometry": { "type": "Polygon", "coordinates": [ [ [ 19.245489544786896, 47.431549228374166 ], [ 19.243051908326517, 47.427099723950271 ], [ 19.247811449235467, 47.423601397082706 ], [ 19.255008590053755, 47.424552399754873 ], [ 19.2574468761124, 47.429001822724857 ], [ 19.252687371834664, 47.432500324492437 ], [ 19.245489544786896, 47.431549228374166 ] ] ] } },
{ "type": "Feature", "properties": { "h3": "881e0361c1fffff" }, "geometry": { "type": "Polygon", "coordinates": [ [ [ 19.240844328568837, 47.447442365226443 ], [ 19.238406475027386, 47.442993609279007 ], [ 19.243167171276191, 47.439496217825919 ], [ 19.250365684660231, 47.440447407409657 ], [ 19.252804188158297, 47.444896081915438 ], [ 19.248043528395907, 47.448393648295003 ], [ 19.240844328568837, 47.447442365226443 ] ] ] } },
{ "type": "Feature", "properties": { "h3": "881e0361c3fffff" }, "geometry": { "type": "Polygon", "coordinates": [ [ [ 19.252804188158297, 47.444896081915438 ], [ 19.250365684660231, 47.440447407409657 ], [ 19.255125766619962, 47.436949373278381 ], [ 19.262324315262369, 47.437899838748464 ], [ 19.264763468438755, 47.442348431696232 ], [ 19.26000342337462, 47.445846640747774 ], [ 19.252804188158297, 47.444896081915438 ] ] ] } },
{ "type": "Feature", "properties": { "h3": "881e0361c5fffff" }, "geometry": { "type": "Polygon", "coordinates": [ [ [ 19.231207997540803, 47.442041695563127 ], [ 19.228770902588419, 47.437592483998046 ], [ 19.233531634986967, 47.43409526746435 ], [ 19.240729426268334, 47.435047087592217 ], [ 19.243167171276191, 47.439496217825919 ], [ 19.238406475027386, 47.442993609279007 ], [ 19.231207997540803, 47.442041695563127 ] ] ] } },
{ "type": "Feature", "properties": { "h3": "881e0361c7fffff" }, "geometry": { "type": "Polygon", "coordinates": [ [ [ 19.243167171276191, 47.439496217825919 ], [ 19.240729426268334, 47.435047087592217 ], [ 19.245489544786896, 47.431549228374166 ], [ 19.252687371834664, 47.432500324492437 ], [ 19.255125766619962, 47.436949373278381 ], [ 19.250365684660231, 47.440447407409657 ], [ 19.243167171276191, 47.439496217825919 ] ] ] } },
{ "type": "Feature", "properties": { "h3": "881e0361c9fffff" }, "geometry": { "type": "Polygon", "coordinates": [ [ [ 19.238521016530267, 47.455387670364324 ], [ 19.236083054469123, 47.450939288799162 ], [ 19.240844328568837, 47.447442365226443 ], [ 19.248043528395907, 47.448393648295003 ], [ 19.250482140592904, 47.452841948424592 ], [ 19.245720902907188, 47.456339046937082 ], [ 19.238521016530267, 47.455387670364324 ] ] ] } },
{ "type": "Feature", "properties": { "h3": "881e0361cbfffff" }, "geometry": { "type": "Polygon", "coordinates": [ [ [ 19.250482140592904, 47.452841948424592 ], [ 19.248043528395907, 47.448393648295003 ], [ 19.252804188158297, 47.444896081915438 ], [ 19.26000342337462, 47.445846640747774 ], [ 19.262442685429146, 47.450294859325446 ], [ 19.257682062490066, 47.453792600638565 ], [ 19.250482140592904, 47.452841948424592 ] ] ] } },
{ "type": "Feature", "properties": { "h3": "881e0361cdfffff" }, "geometry": { "type": "Polygon", "coordinates": [ [ [ 19.228883890670602, 47.449987281475948 ], [ 19.226446687363875, 47.445538444203223 ], [ 19.231207997540803, 47.442041695563127 ], [ 19.238406475027386, 47.442993609279007 ], [ 19.240844328568837, 47.447442365226443 ], [ 19.236083054469123, 47.450939288799162 ], [ 19.228883890670602, 47.449987281475948 ] ] ] } },
{ "type": "Feature", "properties": { "h3": "881e0361d1fffff" }, "geometry": { "type": "Polygon", "coordinates": [ [ [ 19.274402650038745, 47.447746403220407 ], [ 19.271962738405151, 47.443298266310961 ], [ 19.276722168410274, 47.439799414722444 ], [ 19.28392147248762, 47.44074852513836 ], [ 19.286362033421678, 47.445196580263364 ], [ 19.281602641058242, 47.448695606772716 ], [ 19.274402650038745, 47.447746403220407 ] ] ] } },
{ "type": "Feature", "properties": { "h3": "881e0361d3fffff" }, "geometry": { "type": "Polygon", "coordinates": [ [ [ 19.286362033421678, 47.445196580263364 ], [ 19.28392147248762, 47.44074852513836 ], [ 19.288680287073277, 47.437249031148063 ], [ 19.295879624622543, 47.438197417384202 ], [ 19.298320834578366, 47.442645390608497 ], [ 19.293562058043484, 47.446145059513164 ], [ 19.286362033421678, 47.445196580263364 ] ] ] } },
{ "type": "Feature", "properties": { "h3": "881e0361d5fffff" }, "geometry": { "type": "Polygon", "coordinates": [ [ [ 19.264763468438755, 47.442348431696232 ], [ 19.262324315262369, 47.437899838748464 ], [ 19.267083782572197, 47.434401162073883 ], [ 19.274282365833969, 47.435350903448985 ], [ 19.276722168410274, 47.439799414722444 ], [ 19.271962738405151, 47.443298266310961 ], [ 19.264763468438755, 47.442348431696232 ] ] ] } },
{ "type": "Feature", "properties": { "h3": "881e0361d7fffff" }, "geometry": { "type": "Polygon", "coordinates": [ [ [ 19.276722168410274, 47.439799414722444 ], [ 19.274282365833969, 47.435350903448985 ], [ 19.279041218133361, 47.4318515843662 ], [ 19.2862398353756, 47.432800601665178 ], [ 19.288680287073277, 47.437249031148063 ], [ 19.28392147248762, 47.44074852513836 ], [ 19.276722168410274, 47.439799414722444 ] ] ] } },
{ "type": "Feature", "properties": { "h3": "881e0361d9fffff" }, "geometry": { "type": "Polygon", "coordinates": [ [ [ 19.272082662884262, 47.455692549648674 ], [ 19.269642642207128, 47.451244787199208 ], [ 19.274402650038745, 47.447746403220407 ], [ 19.281602641058242, 47.448695606772716 ], [ 19.284043311215004, 47.453143287443794 ], [ 19.279283340952968, 47.456641846356796 ], [ 19.272082662884262, 47.455692549648674 ] ] ] } },
{ "type": "Feature", "properties": { "h3": "881e0361dbfffff" }, "geometry": { "type": "Polygon", "coordinates": [ [ [ 19.284043311215004, 47.453143287443794 ], [ 19.281602641058242, 47.448695606772716 ], [ 19.286362033421678, 47.445196580263364 ], [ 19.293562058043484, 47.446145059513164 ], [ 19.296003377401082, 47.450592658289636 ], [ 19.291244023016425, 47.454091859726731 ], [ 19.284043311215004, 47.453143287443794 ] ] ] } },
{ "type": "Feature", "properties": { "h3": "881e0361ddfffff" }, "geometry": { "type": "Polygon", "coordinates": [ [ [ 19.262442685429146, 47.450294859325446 ], [ 19.26000342337462, 47.445846640747774 ], [ 19.264763468438755, 47.442348431696232 ], [ 19.271962738405151, 47.443298266310961 ], [ 19.274402650038745, 47.447746403220407 ], [ 19.269642642207128, 47.451244787199208 ], [ 19.262442685429146, 47.450294859325446 ] ] ] } },
{ "type": "Feature", "properties": { "h3": "881e0361e1fffff" }, "geometry": { "type": "Polygon", "coordinates": [ [ [ 19.223897579494356, 47.428693231238348 ], [ 19.221461351267504, 47.424243190149589 ], [ 19.226221541894127, 47.420745680736779 ], [ 19.233417924941868, 47.421698037529524 ], [ 19.235854803143706, 47.42614799739107 ], [ 19.231094648402884, 47.429645681702958 ], [ 19.223897579494356, 47.428693231238348 ] ] ] } },
{ "type": "Feature", "properties": { "h3": "881e0361e3fffff" }, "geometry": { "type": "Polygon", "coordinates": [ [ [ 19.235854803143706, 47.42614799739107 ], [ 19.233417924941868, 47.421698037529524 ], [ 19.238177502145497, 47.418199885554948 ], [ 19.245373921336437, 47.41915151856481 ], [ 19.247811449235467, 47.423601397082706 ], [ 19.243051908326517, 47.427099723950271 ], [ 19.235854803143706, 47.42614799739107 ] ] ] } },
{ "type": "Feature", "properties": { "h3": "881e0361e5fffff" }, "geometry": { "type": "Polygon", "coordinates": [ [ [ 19.214265005001607, 47.42329010955573 ], [ 19.211829535065377, 47.418839613340012 ], [ 19.216589761241458, 47.415342278819139 ], [ 19.22378542188434, 47.416295265637928 ], [ 19.226221541894127, 47.420745680736779 ], [ 19.221461351267504, 47.424243190149589 ], [ 19.214265005001607, 47.42329010955573 ] ] ] } },
{ "type": "Feature", "properties": { "h3": "881e0361e7fffff" }, "geometry": { "type": "Polygon", "coordinates": [ [ [ 19.226221541894127, 47.420745680736779 ], [ 19.22378542188434, 47.416295265637928 ], [ 19.228545035046313, 47.412797288549307 ], [ 19.235740732339806, 47.413749551689456 ], [ 19.238177502145497, 47.418199885554948 ], [ 19.233417924941868, 47.421698037529524 ], [ 19.226221541894127, 47.420745680736779 ] ] ] } },
{ "type": "Feature", "properties": { "h3": "881e0361e9fffff" }, "geometry": { "type": "Polygon", "coordinates": [ [ [ 19.221573147712451, 47.436639939842252 ], [ 19.219136811282588, 47.432190272859799 ], [ 19.223897579494356, 47.428693231238348 ], [ 19.231094648402884, 47.429645681702958 ], [ 19.233531634986967, 47.43409526746435 ], [ 19.228770902588419, 47.437592483998046 ], [ 19.221573147712451, 47.436639939842252 ] ] ] } },
{ "type": "Feature", "properties": { "h3": "881e0361ebfffff" }, "geometry": { "type": "Polygon", "coordinates": [ [ [ 19.233531634986967, 47.43409526746435 ], [ 19.231094648402884, 47.429645681702958 ], [ 19.235854803143706, 47.42614799739107 ], [ 19.243051908326517, 47.427099723950271 ], [ 19.245489544786896, 47.431549228374166 ], [ 19.240729426268334, 47.435047087592217 ], [ 19.233531634986967, 47.43409526746435 ] ] ] } },
{ "type": "Feature", "properties": { "h3": "881e0361edfffff" }, "geometry": { "type": "Polygon", "coordinates": [ [ [ 19.211939779287125, 47.431237098471591 ], [ 19.209504201313024, 47.426786976272133 ], [ 19.214265005001607, 47.42329010955573 ], [ 19.221461351267504, 47.424243190149589 ], [ 19.223897579494356, 47.428693231238348 ], [ 19.219136811282588, 47.432190272859799 ], [ 19.211939779287125, 47.431237098471591 ] ] ] } },
{ "type": "Feature", "properties": { "h3": "881e036201fffff" }, "geometry": { "type": "Polygon", "coordinates": [ [ [ 19.224908618007262, 47.540190839271681 ], [ 19.222468811040851, 47.535746663593329 ], [ 19.227235834605633, 47.532254250078431 ], [ 19.234442629192667, 47.533205837175885 ], [ 19.236883087991995, 47.537649931367497 ], [ 19.232116100451812, 47.541142519964296 ], [ 19.224908618007262, 47.540190839271681 ] ] ] } },
{ "type": "Feature", "properties": { "h3": "881e036203fffff" }, "geometry": { "type": "Polygon", "coordinates": [ [ [ 19.236883087991995, 47.537649931367497 ], [ 19.234442629192667, 47.533205837175885 ], [ 19.2392090375279, 47.529712779576535 ], [ 19.246415868307686, 47.530663641108951 ], [ 19.248856978660886, 47.535107653697629 ], [ 19.244090606760913, 47.538600886372713 ], [ 19.236883087991995, 47.537649931367497 ] ] ] } },
{ "type": "Feature", "properties": { "h3": "881e036205fffff" }, "geometry": { "type": "Polygon", "coordinates": [ [ [ 19.215262053287979, 47.534794350912797 ], [ 19.212823006798974, 47.530349718431367 ], [ 19.217590066050555, 47.526857479990795 ], [ 19.224796136184722, 47.527809698973265 ], [ 19.227235834605633, 47.532254250078431 ], [ 19.222468811040851, 47.535746663593329 ], [ 19.215262053287979, 47.534794350912797 ] ] ] } },
{ "type": "Feature", "properties": { "h3": "881e036207fffff" }, "geometry": { "type": "Polygon", "coordinates": [ [ [ 19.227235834605633, 47.532254250078431 ], [ 19.224796136184722, 47.527809698973265 ], [ 19.22956258061739, 47.524316816442173 ], [ 19.236768687453964, 47.525268309963892 ], [ 19.2392090375279, 47.529712779576535 ], [ 19.234442629192667, 47.533205837175885 ], [ 19.227235834605633, 47.532254250078431 ] ] ] } },
{ "type": "Feature", "properties": { "h3": "881e03620dfffff" }, "geometry": { "type": "Polygon", "coordinates": [ [ [ 19.212933569710728, 47.542730377257939 ], [ 19.210494414856186, 47.538286120209079 ], [ 19.215262053287979, 47.534794350912797 ], [ 19.222468811040851, 47.535746663593329 ], [ 19.224908618007262, 47.540190839271681 ], [ 19.220141015189302, 47.543682783655939 ], [ 19.212933569710728, 47.542730377257939 ] ] ] } },
{ "type": "Feature", "properties": { "h3": "881e036215fffff" }, "geometry": { "type": "Polygon", "coordinates": [ [ [ 19.248856978660886, 47.535107653697629 ], [ 19.246415868307686, 47.530663641108951 ], [ 19.251181661051071, 47.527169939559499 ], [ 19.258388527382248, 47.528120075545125 ], [ 19.260830289010098, 47.532564006414709 ], [ 19.256064533112603, 47.536057883033642 ], [ 19.248856978660886, 47.535107653697629 ] ] ] } },
{ "type": "Feature", "properties": { "h3": "881e036221fffff" }, "geometry": { "type": "Polygon", "coordinates": [ [ [ 19.207945782530665, 47.52145962151166 ], [ 19.205507604665872, 47.517014157178657 ], [ 19.210274120280459, 47.513521624761495 ], [ 19.217478778417988, 47.514474381640078 ], [ 19.219917608133624, 47.518919764701465 ], [ 19.215151127941223, 47.522412472171816 ], [ 19.207945782530665, 47.52145962151166 ] ] ] } },
{ "type": "Feature", "properties": { "h3": "881e036223fffff" }, "geometry": { "type": "Polygon", "coordinates": [ [ [ 19.219917608133624, 47.518919764701465 ], [ 19.217478778417988, 47.514474381640078 ], [ 19.222244679672176, 47.51098120525451 ], [ 19.229449374889754, 47.511933236899083 ], [ 19.231888856177587, 47.516378538572532 ], [ 19.227122990756023, 47.51987189000527 ], [ 19.219917608133624, 47.518919764701465 ] ] ] } },
{ "type": "Feature", "properties": { "h3": "881e036225fffff" }, "geometry": { "type": "Polygon", "coordinates": [ [ [ 19.198302984249374, 47.516060675048244 ], [ 19.195865566562002, 47.511614754401087 ], [ 19.200632117261407, 47.508122397029553 ], [ 19.207836050643628, 47.509075785275471 ], [ 19.210274120280459, 47.513521624761495 ], [ 19.205507604665872, 47.517014157178657 ], [ 19.198302984249374, 47.516060675048244 ] ] ] } },
{ "type": "Feature", "properties": { "h3": "881e036227fffff" }, "geometry": { "type": "Polygon", "coordinates": [ [ [ 19.210274120280459, 47.513521624761495 ], [ 19.207836050643628, 47.509075785275471 ], [ 19.212601987392969, 47.505582783929569 ], [ 19.219805958364308, 47.506535447045948 ], [ 19.222244679672176, 47.51098120525451 ], [ 19.217478778417988, 47.514474381640078 ], [ 19.210274120280459, 47.513521624761495 ] ] ] } },
{ "type": "Feature", "properties": { "h3": "881e036229fffff" }, "geometry": { "type": "Polygon", "coordinates": [ [ [ 19.20561697400851, 47.529396773970262 ], [ 19.203178687929892, 47.524951684885473 ], [ 19.207945782530665, 47.52145962151166 ], [ 19.215151127941223, 47.522412472171816 ], [ 19.217590066050555, 47.526857479990795 ], [ 19.212823006798974, 47.530349718431367 ], [ 19.20561697400851, 47.529396773970262 ] ] ] } },
{ "type": "Feature", "properties": { "h3": "881e03622bfffff" }, "geometry": { "type": "Polygon", "coordinates": [ [ [ 19.217590066050555, 47.526857479990795 ], [ 19.215151127941223, 47.522412472171816 ], [ 19.219917608133624, 47.518919764701465 ], [ 19.227122990756023, 47.51987189000527 ], [ 19.22956258061739, 47.524316816442173 ], [ 19.224796136184722, 47.527809698973265 ], [ 19.217590066050555, 47.526857479990795 ] ] ] } },
{ "type": "Feature", "properties": { "h3": "881e03622dfffff" }, "geometry": { "type": "Polygon", "coordinates": [ [ [ 19.195973380372351, 47.523998108851224 ], [ 19.193535854636902, 47.519552563362929 ], [ 19.198302984249374, 47.516060675048244 ], [ 19.205507604665872, 47.517014157178657 ], [ 19.207945782530665, 47.52145962151166 ], [ 19.203178687929892, 47.524951684885473 ], [ 19.195973380372351, 47.523998108851224 ] ] ] } },
{ "type": "Feature", "properties": { "h3": "881e036231fffff" }, "geometry": { "type": "Polygon", "coordinates": [ [ [ 19.241534516705336, 47.521774783476509 ], [ 19.239094275370743, 47.517329938537962 ], [ 19.243859525659243, 47.513835943277151 ], [ 19.251064980782143, 47.514786617922326 ], [ 19.253505873310957, 47.519231381246328 ], [ 19.248740659603083, 47.522725551555595 ], [ 19.241534516705336, 47.521774783476509 ] ] ] } },
{ "type": "Feature", "properties": { "h3": "881e036233fffff" }, "geometry": { "type": "Polygon", "coordinates": [ [ [ 19.253505873310957, 47.519231381246328 ], [ 19.251064980782143, 47.514786617922326 ], [ 19.255829615575546, 47.511291978967911 ], [ 19.263035105987246, 47.512241928311191 ], [ 19.265476649431211, 47.516686609904454 ], [ 19.260712051628804, 47.520181423901043 ], [ 19.253505873310957, 47.519231381246328 ] ] ] } },
{ "type": "Feature", "properties": { "h3": "881e036235fffff" }, "geometry": { "type": "Polygon", "coordinates": [ [ [ 19.231888856177587, 47.516378538572532 ], [ 19.229449374889754, 47.511933236899083 ], [ 19.234214661421245, 47.508439416679337 ], [ 19.241419393077972, 47.509390723107877 ], [ 19.243859525659243, 47.513835943277151 ], [ 19.239094275370743, 47.517329938537962 ], [ 19.231888856177587, 47.516378538572532 ] ] ] } },
{ "type": "Feature", "properties": { "h3": "881e036237fffff" }, "geometry": { "type": "Polygon", "coordinates": [ [ [ 19.243859525659243, 47.513835943277151 ], [ 19.241419393077972, 47.509390723107877 ], [ 19.246184064524641, 47.505896259188304 ], [ 19.253388831979731, 47.506846840419051 ], [ 19.255829615575546, 47.511291978967911 ], [ 19.251064980782143, 47.514786617922326 ], [ 19.243859525659243, 47.513835943277151 ] ] ] } },
{ "type": "Feature", "properties": { "h3": "881e036239fffff" }, "geometry": { "type": "Polygon", "coordinates": [ [ [ 19.2392090375279, 47.529712779576535 ], [ 19.236768687453964, 47.525268309963892 ], [ 19.241534516705336, 47.521774783476509 ], [ 19.248740659603083, 47.522725551555595 ], [ 19.251181661051071, 47.527169939559499 ], [ 19.246415868307686, 47.530663641108951 ], [ 19.2392090375279, 47.529712779576535 ] ] ] } },
{ "type": "Feature", "properties": { "h3": "881e03623bfffff" }, "geometry": { "type": "Polygon", "coordinates": [ [ [ 19.251181661051071, 47.527169939559499 ], [ 19.248740659603083, 47.522725551555595 ], [ 19.253505873310957, 47.519231381246328 ], [ 19.260712051628804, 47.520181423901043 ], [ 19.263153704171643, 47.524625730180055 ], [ 19.258388527382248, 47.528120075545125 ], [ 19.251181661051071, 47.527169939559499 ] ] ] } },
{ "type": "Feature", "properties": { "h3": "881e03623dfffff" }, "geometry": { "type": "Polygon", "coordinates": [ [ [ 19.22956258061739, 47.524316816442173 ], [ 19.227122990756023, 47.51987189000527 ], [ 19.231888856177587, 47.516378538572532 ], [ 19.239094275370743, 47.517329938537962 ], [ 19.241534516705336, 47.521774783476509 ], [ 19.236768687453964, 47.525268309963892 ], [ 19.22956258061739, 47.524316816442173 ] ] ] } },
{ "type": "Feature", "properties": { "h3": "881e036261fffff" }, "geometry": { "type": "Polygon", "coordinates": [ [ [ 19.191312759482908, 47.539870442971235 ], [ 19.188875017693867, 47.535425648086104 ], [ 19.193643305495236, 47.531934698228731 ], [ 19.200849300300618, 47.532888368186185 ], [ 19.20328769457894, 47.537333081927628 ], [ 19.198519441642933, 47.540824206871243 ], [ 19.191312759482908, 47.539870442971235 ] ] ] } },
{ "type": "Feature", "properties": { "h3": "881e036263fffff" }, "geometry": { "type": "Polygon", "coordinates": [ [ [ 19.20328769457894, 47.537333081927628 ], [ 19.200849300300618, 47.532888368186185 ], [ 19.20561697400851, 47.529396773970262 ], [ 19.212823006798974, 47.530349718431367 ], [ 19.215262053287979, 47.534794350912797 ], [ 19.210494414856186, 47.538286120209079 ], [ 19.20328769457894, 47.537333081927628 ] ] ] } },
{ "type": "Feature", "properties": { "h3": "881e036265fffff" }, "geometry": { "type": "Polygon", "coordinates": [ [ [ 19.18166906151502, 47.5344712526148 ], [ 19.179232080333385, 47.530026001347466 ], [ 19.18400040266263, 47.526535226568598 ], [ 19.191205671725889, 47.52748952799449 ], [ 19.193643305495236, 47.531934698228731 ], [ 19.188875017693867, 47.535425648086104 ], [ 19.18166906151502, 47.5344712526148 ] ] ] } },
{ "type": "Feature", "properties": { "h3": "881e036267fffff" }, "geometry": { "type": "Polygon", "coordinates": [ [ [ 19.193643305495236, 47.531934698228731 ], [ 19.191205671725889, 47.52748952799449 ], [ 19.195973380372351, 47.523998108851224 ], [ 19.203178687929892, 47.524951684885473 ], [ 19.20561697400851, 47.529396773970262 ], [ 19.200849300300618, 47.532888368186185 ], [ 19.193643305495236, 47.531934698228731 ] ] ] } },
{ "type": "Feature", "properties": { "h3": "881e03626bfffff" }, "geometry": { "type": "Polygon", "coordinates": [ [ [ 19.200957944106801, 47.545268545174324 ], [ 19.198519441642933, 47.540824206871243 ], [ 19.20328769457894, 47.537333081927628 ], [ 19.210494414856186, 47.538286120209079 ], [ 19.212933569710728, 47.542730377257939 ], [ 19.208165351977737, 47.546221677295492 ], [ 19.200957944106801, 47.545268545174324 ] ] ] } },
{ "type": "Feature", "properties": { "h3": "881e03626dfffff" }, "geometry": { "type": "Polygon", "coordinates": [ [ [ 19.179337249004501, 47.542406433892239 ], [ 19.176900159983223, 47.537961557979834 ], [ 19.18166906151502, 47.5344712526148 ], [ 19.188875017693867, 47.535425648086104 ], [ 19.191312759482908, 47.539870442971235 ], [ 19.186543892405652, 47.543360923428288 ], [ 19.179337249004501, 47.542406433892239 ] ] ] } },
{ "type": "Feature", "properties": { "h3": "881e036283fffff" }, "geometry": { "type": "Polygon", "coordinates": [ [ [ 19.320688100849992, 47.51982523117038 ], [ 19.318243087041484, 47.515381710637158 ], [ 19.323005178636937, 47.511884148216843 ], [ 19.330212244813442, 47.512829931315622 ], [ 19.332657908218643, 47.517273369433681 ], [ 19.327895855931292, 47.52077110688397 ], [ 19.320688100849992, 47.51982523117038 ] ] ] } },
{ "type": "Feature", "properties": { "h3": "881e036285fffff" }, "geometry": { "type": "Polygon", "coordinates": [ [ [ 19.299066341088203, 47.516984887399857 ], [ 19.296622736936921, 47.512540826992129 ], [ 19.301385484853355, 47.509044082742413 ], [ 19.308591798441942, 47.509991223886516 ], [ 19.311036052570167, 47.514435202105098 ], [ 19.306273343213444, 47.51793212138459 ], [ 19.299066341088203, 47.516984887399857 ] ] ] } },
{ "type": "Feature", "properties": { "h3": "881e036287fffff" }, "geometry": { "type": "Polygon", "coordinates": [ [ [ 19.311036052570167, 47.514435202105098 ], [ 19.308591798441942, 47.509991223886516 ], [ 19.313353929007203, 47.506493836489263 ], [ 19.320560274811509, 47.507440252303361 ], [ 19.323005178636937, 47.511884148216843 ], [ 19.318243087041484, 47.515381710637158 ], [ 19.311036052570167, 47.514435202105098 ] ] ] } },
{ "type": "Feature", "properties": { "h3": "881e0362a1fffff" }, "geometry": { "type": "Polygon", "coordinates": [ [ [ 19.291736397906298, 47.503651873488394 ], [ 19.289293662941652, 47.499206980497711 ], [ 19.294055870432327, 47.495709943125661 ], [ 19.301260774674496, 47.496657623751048 ], [ 19.303704159536725, 47.501102434656836 ], [ 19.29894199033977, 47.504599647037992 ], [ 19.291736397906298, 47.503651873488394 ] ] ] } },
{ "type": "Feature", "properties": { "h3": "881e0362a3fffff" }, "geometry": { "type": "Polygon", "coordinates": [ [ [ 19.303704159536725, 47.501102434656836 ], [ 19.301260774674496, 47.496657623751048 ], [ 19.306022365273062, 47.493159943353348 ], [ 19.313227302110821, 47.494106898874847 ], [ 19.315671336591091, 47.498551627579708 ], [ 19.310909784696154, 47.502049482979849 ], [ 19.303704159536725, 47.501102434656836 ] ] ] } },
{ "type": "Feature", "properties": { "h3": "881e0362a5fffff" }, "geometry": { "type": "Polygon", "coordinates": [ [ [ 19.282088791935465, 47.498258574749265 ], [ 19.27964681645388, 47.493813224671968 ], [ 19.284409061900451, 47.490316362302011 ], [ 19.291613244953211, 47.491264675023118 ], [ 19.294055870432327, 47.495709943125661 ], [ 19.289293662941652, 47.499206980497711 ], [ 19.282088791935465, 47.498258574749265 ] ] ] } },
{ "type": "Feature", "properties": { "h3": "881e0362a7fffff" }, "geometry": { "type": "Polygon", "coordinates": [ [ [ 19.294055870432327, 47.495709943125661 ], [ 19.291613244953211, 47.491264675023118 ], [ 19.296374873917546, 47.487767169620909 ], [ 19.303579090075768, 47.488714757341612 ], [ 19.306022365273062, 47.493159943353348 ], [ 19.301260774674496, 47.496657623751048 ], [ 19.294055870432327, 47.495709943125661 ] ] ] } },
{ "type": "Feature", "properties": { "h3": "881e0362a9fffff" }, "geometry": { "type": "Polygon", "coordinates": [ [ [ 19.289416456204766, 47.511592960498795 ], [ 19.286973611768261, 47.507148442715341 ], [ 19.291736397906298, 47.503651873488394 ], [ 19.29894199033977, 47.504599647037992 ], [ 19.301385484853355, 47.509044082742413 ], [ 19.296622736936921, 47.512540826992129 ], [ 19.289416456204766, 47.511592960498795 ] ] ] } },
{ "type": "Feature", "properties": { "h3": "881e0362abfffff" }, "geometry": { "type": "Polygon", "coordinates": [ [ [ 19.301385484853355, 47.509044082742413 ], [ 19.29894199033977, 47.504599647037992 ], [ 19.303704159536725, 47.501102434656836 ], [ 19.310909784696154, 47.502049482979849 ], [ 19.313353929007203, 47.506493836489263 ], [ 19.308591798441942, 47.509991223886516 ], [ 19.301385484853355, 47.509044082742413 ] ] ] } },
{ "type": "Feature", "properties": { "h3": "881e0362adfffff" }, "geometry": { "type": "Polygon", "coordinates": [ [ [ 19.279768052701353, 47.506199943920052 ], [ 19.277325967913725, 47.501754968960519 ], [ 19.282088791935465, 47.498258574749265 ], [ 19.289293662941652, 47.499206980497711 ], [ 19.291736397906298, 47.503651873488394 ], [ 19.286973611768261, 47.507148442715341 ], [ 19.279768052701353, 47.506199943920052 ] ] ] } },
{ "type": "Feature", "properties": { "h3": "881e0362b5fffff" }, "geometry": { "type": "Polygon", "coordinates": [ [ [ 19.315671336591091, 47.498551627579708 ], [ 19.313227302110821, 47.494106898874847 ], [ 19.317988275456496, 47.490608575586791 ], [ 19.325193244249562, 47.491554806023757 ], [ 19.327637928068174, 47.495999452411738 ], [ 19.322876993835994, 47.499497950695464 ], [ 19.315671336591091, 47.498551627579708 ] ] ] } },
{ "type": "Feature", "properties": { "h3": "881e0362bdfffff" }, "geometry": { "type": "Polygon", "coordinates": [ [ [ 19.313353929007203, 47.506493836489263 ], [ 19.310909784696154, 47.502049482979849 ], [ 19.315671336591091, 47.498551627579708 ], [ 19.322876993835994, 47.499497950695464 ], [ 19.325321787664752, 47.50394222189388 ], [ 19.320560274811509, 47.507440252303361 ], [ 19.313353929007203, 47.506493836489263 ] ] ] } },
{ "type": "Feature", "properties": { "h3": "881e0362e5fffff" }, "geometry": { "type": "Polygon", "coordinates": [ [ [ 19.265476649431211, 47.516686609904454 ], [ 19.263035105987246, 47.512241928311191 ], [ 19.267799124923712, 47.508746645797764 ], [ 19.275004649983391, 47.509695869857694 ], [ 19.277446844063313, 47.514140469604094 ], [ 19.272682862528118, 47.517635927153307 ], [ 19.265476649431211, 47.516686609904454 ] ] ] } },
{ "type": "Feature", "properties": { "h3": "881e0362e7fffff" }, "geometry": { "type": "Polygon", "coordinates": [ [ [ 19.277446844063313, 47.514140469604094 ], [ 19.275004649983391, 47.509695869857694 ], [ 19.279768052701353, 47.506199943920052 ], [ 19.286973611768261, 47.507148442715341 ], [ 19.289416456204766, 47.511592960498795 ], [ 19.284653091298296, 47.515089061465751 ], [ 19.277446844063313, 47.514140469604094 ] ] ] } },
{ "type": "Feature", "properties": { "h3": "881e036301fffff" }, "geometry": { "type": "Polygon", "coordinates": [ [ [ 19.1574138663151, 47.50239257476052 ], [ 19.15497938127816, 47.49794520565802 ], [ 19.159746647565548, 47.494454017502768 ], [ 19.166948365306752, 47.495410023437771 ], [ 19.169383502865788, 47.49985731182737 ], [ 19.164616270241631, 47.503348675010841 ], [ 19.1574138663151, 47.50239257476052 ] ] ] } },
{ "type": "Feature", "properties": { "h3": "881e036303fffff" }, "geometry": { "type": "Polygon", "coordinates": [ [ [ 19.169383502865788, 47.49985731182737 ], [ 19.166948365306752, 47.495410023437771 ], [ 19.17171501923762, 47.491918191157154 ], [ 19.178916776734173, 47.492873472259468 ], [ 19.181352566537502, 47.497320679819651 ], [ 19.176585946680113, 47.500812687122895 ], [ 19.169383502865788, 47.49985731182737 ] ] ] } },
{ "type": "Feature", "properties": { "h3": "881e036305fffff" }, "geometry": { "type": "Polygon", "coordinates": [ [ [ 19.147777703932856, 47.496988474873334 ], [ 19.14534397890133, 47.492540650367587 ], [ 19.15011127851524, 47.489049637232775 ], [ 19.15731226991424, 47.490006273599256 ], [ 19.159746647565548, 47.494454017502768 ], [ 19.15497938127816, 47.49794520565802 ], [ 19.147777703932856, 47.496988474873334 ] ] ] } },
{ "type": "Feature", "properties": { "h3": "881e036307fffff" }, "geometry": { "type": "Polygon", "coordinates": [ [ [ 19.159746647565548, 47.494454017502768 ], [ 19.15731226991424, 47.490006273599256 ], [ 19.162078957581802, 47.486514616333544 ], [ 19.169279989244085, 47.48747052797242 ], [ 19.17171501923762, 47.491918191157154 ], [ 19.166948365306752, 47.495410023437771 ], [ 19.159746647565548, 47.494454017502768 ] ] ] } },
{ "type": "Feature", "properties": { "h3": "881e036309fffff" }, "geometry": { "type": "Polygon", "coordinates": [ [ [ 19.155080613695375, 47.510330287896664 ], [ 19.152646021287147, 47.505883293690616 ], [ 19.1574138663151, 47.50239257476052 ], [ 19.164616270241631, 47.503348675010841 ], [ 19.167051515351833, 47.5077955885099 ], [ 19.162283703913634, 47.511286482481594 ], [ 19.155080613695375, 47.510330287896664 ] ] ] } },
{ "type": "Feature", "properties": { "h3": "881e03630bfffff" }, "geometry": { "type": "Polygon", "coordinates": [ [ [ 19.167051515351833, 47.5077955885099 ], [ 19.164616270241631, 47.503348675010841 ], [ 19.169383502865788, 47.49985731182737 ], [ 19.176585946680113, 47.500812687122895 ], [ 19.179021844214461, 47.505259519798408 ], [ 19.174254645590462, 47.5087510580179 ], [ 19.167051515351833, 47.5077955885099 ] ] ] } },
{ "type": "Feature", "properties": { "h3": "881e03630dfffff" }, "geometry": { "type": "Polygon", "coordinates": [ [ [ 19.145443657889224, 47.504926468468476 ], [ 19.143009825651951, 47.50047901876966 ], [ 19.147777703932856, 47.496988474873334 ], [ 19.15497938127816, 47.49794520565802 ], [ 19.1574138663151, 47.50239257476052 ], [ 19.152646021287147, 47.505883293690616 ], [ 19.145443657889224, 47.504926468468476 ] ] ] } },
{ "type": "Feature", "properties": { "h3": "881e036311fffff" }, "geometry": { "type": "Polygon", "coordinates": [ [ [ 19.190991599279528, 47.502722081913042 ], [ 19.188555049598964, 47.498275330177549 ], [ 19.193321056326845, 47.494782678888321 ], [ 19.200523577994815, 47.495736604325984 ], [ 19.202960779543496, 47.500183275005007 ], [ 19.198194807636298, 47.503676101318774 ], [ 19.190991599279528, 47.502722081913042 ] ] ] } },
{ "type": "Feature", "properties": { "h3": "881e036313fffff" }, "geometry": { "type": "Polygon", "coordinates": [ [ [ 19.202960779543496, 47.500183275005007 ], [ 19.200523577994815, 47.495736604325984 ], [ 19.205288971230654, 47.492243309184715 ], [ 19.21249153086459, 47.493196509719731 ], [ 19.214929384003216, 47.497643099225868 ], [ 19.21016402599821, 47.501136569385807 ], [ 19.202960779543496, 47.500183275005007 ] ] ] } },
{ "type": "Feature", "properties": { "h3": "881e036315fffff" }, "geometry": { "type": "Polygon", "coordinates": [ [ [ 19.181352566537502, 47.497320679819651 ], [ 19.178916776734173, 47.492873472259468 ], [ 19.183682817945726, 47.489380995987183 ], [ 19.190884614557095, 47.490335552274082 ], [ 19.193321056326845, 47.494782678888321 ], [ 19.188555049598964, 47.498275330177549 ], [ 19.181352566537502, 47.497320679819651 ] ] ] } },
{ "type": "Feature", "properties": { "h3": "881e036317fffff" }, "geometry": { "type": "Polygon", "coordinates": [ [ [ 19.193321056326845, 47.494782678888321 ], [ 19.190884614557095, 47.490335552274082 ], [ 19.195650042686715, 47.486842432143966 ], [ 19.20285187777252, 47.487796263632866 ], [ 19.205288971230654, 47.492243309184715 ], [ 19.200523577994815, 47.495736604325984 ], [ 19.193321056326845, 47.494782678888321 ] ] ] } },
{ "type": "Feature", "properties": { "h3": "881e036319fffff" }, "geometry": { "type": "Polygon", "coordinates": [ [ [ 19.188661671409744, 47.510660641007959 ], [ 19.186225013832587, 47.506214264246616 ], [ 19.190991599279528, 47.502722081913042 ], [ 19.198194807636298, 47.503676101318774 ], [ 19.200632117261407, 47.508122397029553 ], [ 19.195865566562002, 47.511614754401087 ], [ 19.188661671409744, 47.510660641007959 ] ] ] } },
{ "type": "Feature", "properties": { "h3": "881e03631bfffff" }, "geometry": { "type": "Polygon", "coordinates": [ [ [ 19.200632117261407, 47.508122397029553 ], [ 19.198194807636298, 47.503676101318774 ], [ 19.202960779543496, 47.500183275005007 ], [ 19.21016402599821, 47.501136569385807 ], [ 19.212601987392969, 47.505582783929569 ], [ 19.207836050643628, 47.509075785275471 ], [ 19.200632117261407, 47.508122397029553 ] ] ] } },
{ "type": "Feature", "properties": { "h3": "881e03631dfffff" }, "geometry": { "type": "Polygon", "coordinates": [ [ [ 19.179021844214461, 47.505259519798408 ], [ 19.176585946680113, 47.500812687122895 ], [ 19.181352566537502, 47.497320679819651 ], [ 19.188555049598964, 47.498275330177549 ], [ 19.190991599279528, 47.502722081913042 ], [ 19.186225013832587, 47.506214264246616 ], [ 19.179021844214461, 47.505259519798408 ] ] ] } },
{ "type": "Feature", "properties": { "h3": "881e036321fffff" }, "geometry": { "type": "Polygon", "coordinates": [ [ [ 19.140477395915937, 47.483644171425659 ], [ 19.138044537876649, 47.479195517095064 ], [ 19.142811292007806, 47.47570420983584 ], [ 19.150010871194681, 47.47666138192384 ], [ 19.152444381771485, 47.481109955756985 ], [ 19.147677660703888, 47.484601438015552 ], [ 19.140477395915937, 47.483644171425659 ] ] ] } },
{ "type": "Feature", "properties": { "h3": "881e036323fffff" }, "geometry": { "type": "Polygon", "coordinates": [ [ [ 19.152444381771485, 47.481109955756985 ], [ 19.150010871194681, 47.47666138192384 ], [ 19.154777013836636, 47.473169430656334 ], [ 19.161976633661908, 47.474125878244038 ], [ 19.164410796498895, 47.478574371463068 ], [ 19.159644687330459, 47.48206649772446 ], [ 19.152444381771485, 47.481109955756985 ] ] ] } },
{ "type": "Feature", "properties": { "h3": "881e036325fffff" }, "geometry": { "type": "Polygon", "coordinates": [ [ [ 19.130844999968257, 47.478237620489942 ], [ 19.128412901633073, 47.473788511246326 ], [ 19.133179688491403, 47.470297378978607 ], [ 19.140378541037702, 47.471255180978964 ], [ 19.142811292007806, 47.47570420983584 ], [ 19.138044537876649, 47.479195517095064 ], [ 19.130844999968257, 47.478237620489942 ] ] ] } },
{ "type": "Feature", "properties": { "h3": "881e036327fffff" }, "geometry": { "type": "Polygon", "coordinates": [ [ [ 19.142811292007806, 47.47570420983584 ], [ 19.140378541037702, 47.471255180978964 ], [ 19.145144716816745, 47.467763404697585 ], [ 19.152343610508762, 47.468720482302899 ], [ 19.154777013836636, 47.473169430656334 ], [ 19.150010871194681, 47.47666138192384 ], [ 19.142811292007806, 47.47570420983584 ] ] ] } },
{ "type": "Feature", "properties": { "h3": "881e036329fffff" }, "geometry": { "type": "Polygon", "coordinates": [ [ [ 19.138143028406098, 47.49158328925661 ], [ 19.135710063312068, 47.487135009547899 ], [ 19.140477395915937, 47.483644171425659 ], [ 19.147677660703888, 47.484601438015552 ], [ 19.15011127851524, 47.489049637232775 ], [ 19.14534397890133, 47.492540650367587 ], [ 19.138143028406098, 47.49158328925661 ] ] ] } },
{ "type": "Feature", "properties": { "h3": "881e03632bfffff" }, "geometry": { "type": "Polygon", "coordinates": [ [ [ 19.15011127851524, 47.489049637232775 ], [ 19.147677660703888, 47.484601438015552 ], [ 19.152444381771485, 47.481109955756985 ], [ 19.159644687330459, 47.48206649772446 ], [ 19.162078957581802, 47.486514616333544 ], [ 19.15731226991424, 47.490006273599256 ], [ 19.15011127851524, 47.489049637232775 ] ] ] } },
{ "type": "Feature", "properties": { "h3": "881e03632dfffff" }, "geometry": { "type": "Polygon", "coordinates": [ [ [ 19.1285098399355, 47.486177018318834 ], [ 19.126077634710917, 47.481728283607453 ], [ 19.130844999968257, 47.478237620489942 ], [ 19.138044537876649, 47.479195517095064 ], [ 19.140477395915937, 47.483644171425659 ], [ 19.135710063312068, 47.487135009547899 ], [ 19.1285098399355, 47.486177018318834 ] ] ] } },
{ "type": "Feature", "properties": { "h3": "881e036331fffff" }, "geometry": { "type": "Polygon", "coordinates": [ [ [ 19.174046064602443, 47.483978226709425 ], [ 19.171611142188649, 47.479530188825109 ], [ 19.176376639095171, 47.476037418694524 ], [ 19.183577024275522, 47.476992511468261 ], [ 19.18601259857412, 47.481440468511273 ], [ 19.181247135887642, 47.484933413637819 ], [ 19.174046064602443, 47.483978226709425 ] ] ] } },
{ "type": "Feature", "properties": { "h3": "881e036333fffff" }, "geometry": { "type": "Polygon", "coordinates": [ [ [ 19.18601259857412, 47.481440468511273 ], [ 19.183577024275522, 47.476992511468261 ], [ 19.188341908557629, 47.473499097602321 ], [ 19.195542332588477, 47.474453465805084 ], [ 19.1979785584941, 47.478901341890278 ], [ 19.193213708841963, 47.482394930746459 ], [ 19.18601259857412, 47.481440468511273 ] ] ] } },
{ "type": "Feature", "properties": { "h3": "881e036335fffff" }, "geometry": { "type": "Polygon", "coordinates": [ [ [ 19.164410796498895, 47.478574371463068 ], [ 19.161976633661908, 47.474125878244038 ], [ 19.166742164451851, 47.470633283101797 ], [ 19.173941824275435, 47.471589006206209 ], [ 19.176376639095171, 47.476037418694524 ], [ 19.171611142188649, 47.479530188825109 ], [ 19.164410796498895, 47.478574371463068 ] ] ] } },
{ "type": "Feature", "properties": { "h3": "881e036337fffff" }, "geometry": { "type": "Polygon", "coordinates": [ [ [ 19.176376639095171, 47.476037418694524 ], [ 19.173941824275435, 47.471589006206209 ], [ 19.178706742850814, 47.468095767322957 ], [ 19.185906442032763, 47.469050765961285 ], [ 19.188341908557629, 47.473499097602321 ], [ 19.183577024275522, 47.476992511468261 ], [ 19.176376639095171, 47.476037418694524 ] ] ] } },
{ "type": "Feature", "properties": { "h3": "881e036339fffff" }, "geometry": { "type": "Polygon", "coordinates": [ [ [ 19.17171501923762, 47.491918191157154 ], [ 19.169279989244085, 47.48747052797242 ], [ 19.174046064602443, 47.483978226709425 ], [ 19.181247135887642, 47.484933413637819 ], [ 19.183682817945726, 47.489380995987183 ], [ 19.178916776734173, 47.492873472259468 ], [ 19.17171501923762, 47.491918191157154 ] ] ] } },
{ "type": "Feature", "properties": { "h3": "881e03633bfffff" }, "geometry": { "type": "Polygon", "coordinates": [ [ [ 19.183682817945726, 47.489380995987183 ], [ 19.181247135887642, 47.484933413637819 ], [ 19.18601259857412, 47.481440468511273 ], [ 19.193213708841963, 47.482394930746459 ], [ 19.195650042686715, 47.486842432143966 ], [ 19.190884614557095, 47.490335552274082 ], [ 19.183682817945726, 47.489380995987183 ] ] ] } },
{ "type": "Feature", "properties": { "h3": "881e03633dfffff" }, "geometry": { "type": "Polygon", "coordinates": [ [ [ 19.162078957581802, 47.486514616333544 ], [ 19.159644687330459, 47.48206649772446 ], [ 19.164410796498895, 47.478574371463068 ], [ 19.171611142188649, 47.479530188825109 ], [ 19.174046064602443, 47.483978226709425 ], [ 19.169279989244085, 47.48747052797242 ], [ 19.162078957581802, 47.486514616333544 ] ] ] } },
{ "type": "Feature", "properties": { "h3": "881e036341fffff" }, "geometry": { "type": "Polygon", "coordinates": [ [ [ 19.140774150877633, 47.52079992268262 ], [ 19.138340104272167, 47.516353222883744 ], [ 19.143109140249219, 47.512863617808193 ], [ 19.150312189806122, 47.513820537486993 ], [ 19.152746889571219, 47.518267156701285 ], [ 19.14797788669987, 47.521756936837335 ], [ 19.140774150877633, 47.52079992268262 ] ] ] } },
{ "type": "Feature", "properties": { "h3": "881e036343fffff" }, "geometry": { "type": "Polygon", "coordinates": [ [ [ 19.152746889571219, 47.518267156701285 ], [ 19.150312189806122, 47.513820537486993 ], [ 19.155080613695375, 47.510330287896664 ], [ 19.162283703913634, 47.511286482481594 ], [ 19.164719056560671, 47.515733020994759 ], [ 19.159950666187651, 47.51922344564008 ], [ 19.152746889571219, 47.518267156701285 ] ] ] } },
{ "type": "Feature", "properties": { "h3": "881e036345fffff" }, "geometry": { "type": "Polygon", "coordinates": [ [ [ 19.131137096017682, 47.515395578094321 ], [ 19.128703809846282, 47.510948422824029 ], [ 19.133472878592155, 47.507458992800977 ], [ 19.140675200820628, 47.508416543011698 ], [ 19.143109140249219, 47.512863617808193 ], [ 19.138340104272167, 47.516353222883744 ], [ 19.131137096017682, 47.515395578094321 ] ] ] } },
{ "type": "Feature", "properties": { "h3": "881e036347fffff" }, "geometry": { "type": "Polygon", "coordinates": [ [ [ 19.143109140249219, 47.512863617808193 ], [ 19.140675200820628, 47.508416543011698 ], [ 19.145443657889224, 47.504926468468476 ], [ 19.152646021287147, 47.505883293690616 ], [ 19.155080613695375, 47.510330287896664 ], [ 19.150312189806122, 47.513820537486993 ], [ 19.143109140249219, 47.512863617808193 ] ] ] } },
{ "type": "Feature", "properties": { "h3": "881e036349fffff" }, "geometry": { "type": "Polygon", "coordinates": [ [ [ 19.138438689639209, 47.528735382882076 ], [ 19.136004535871379, 47.524289058176016 ], [ 19.140774150877633, 47.52079992268262 ], [ 19.14797788669987, 47.521756936837335 ], [ 19.150412693807429, 47.526203180964636 ], [ 19.145643111833145, 47.529692491531954 ], [ 19.138438689639209, 47.528735382882076 ] ] ] } },
{ "type": "Feature", "properties": { "h3": "881e03634bfffff" }, "geometry": { "type": "Polygon", "coordinates": [ [ [ 19.150412693807429, 47.526203180964636 ], [ 19.14797788669987, 47.521756936837335 ], [ 19.152746889571219, 47.518267156701285 ], [ 19.159950666187651, 47.51922344564008 ], [ 19.162386126357173, 47.52366960907208 ], [ 19.157617156928474, 47.527159564276559 ], [ 19.150412693807429, 47.526203180964636 ] ] ] } },
{ "type": "Feature", "properties": { "h3": "881e03634dfffff" }, "geometry": { "type": "Polygon", "coordinates": [ [ [ 19.128800841484615, 47.523331318788685 ], [ 19.126367448316419, 47.518884538521839 ], [ 19.131137096017682, 47.515395578094321 ], [ 19.138340104272167, 47.516353222883744 ], [ 19.140774150877633, 47.52079992268262 ], [ 19.136004535871379, 47.524289058176016 ], [ 19.128800841484615, 47.523331318788685 ] ] ] } },
{ "type": "Feature", "properties": { "h3": "881e036351fffff" }, "geometry": { "type": "Polygon", "coordinates": [ [ [ 19.174358986283693, 47.521134667354694 ], [ 19.171922873330129, 47.516688584734503 ], [ 19.176690650841547, 47.513197515713394 ], [ 19.183894507122925, 47.514152354271204 ], [ 19.186331272582482, 47.518598355963093 ], [ 19.181563529334891, 47.522089600041411 ], [ 19.174358986283693, 47.521134667354694 ] ] ] } },
{ "type": "Feature", "properties": { "h3": "881e036353fffff" }, "geometry": { "type": "Polygon", "coordinates": [ [ [ 19.186331272582482, 47.518598355963093 ], [ 19.183894507122925, 47.514152354271204 ], [ 19.188661671409744, 47.510660641007959 ], [ 19.195865566562002, 47.511614754401087 ], [ 19.198302984249374, 47.516060675048244 ], [ 19.193535854636902, 47.519552563362929 ], [ 19.186331272582482, 47.518598355963093 ] ] ] } },
{ "type": "Feature", "properties": { "h3": "881e036355fffff" }, "geometry": { "type": "Polygon", "coordinates": [ [ [ 19.164719056560671, 47.515733020994759 ], [ 19.162283703913634, 47.511286482481594 ], [ 19.167051515351833, 47.5077955885099 ], [ 19.174254645590462, 47.5087510580179 ], [ 19.176690650841547, 47.513197515713394 ], [ 19.171922873330129, 47.516688584734503 ], [ 19.164719056560671, 47.515733020994759 ] ] ] } },
{ "type": "Feature", "properties": { "h3": "881e036357fffff" }, "geometry": { "type": "Polygon", "coordinates": [ [ [ 19.176690650841547, 47.513197515713394 ], [ 19.174254645590462, 47.5087510580179 ], [ 19.179021844214461, 47.505259519798408 ], [ 19.186225013832587, 47.506214264246616 ], [ 19.188661671409744, 47.510660641007959 ], [ 19.183894507122925, 47.514152354271204 ], [ 19.176690650841547, 47.513197515713394 ] ] ] } },
{ "type": "Feature", "properties": { "h3": "881e036359fffff" }, "geometry": { "type": "Polygon", "coordinates": [ [ [ 19.172026850405711, 47.529070974512528 ], [ 19.169590629763974, 47.524625267062888 ], [ 19.174358986283693, 47.521134667354694 ], [ 19.181563529334891, 47.522089600041411 ], [ 19.18400040266263, 47.526535226568598 ], [ 19.179232080333385, 47.530026001347466 ], [ 19.172026850405711, 47.529070974512528 ] ] ] } },
{ "type": "Feature", "properties": { "h3": "881e03635bfffff" }, "geometry": { "type": "Polygon", "coordinates": [ [ [ 19.18400040266263, 47.526535226568598 ], [ 19.181563529334891, 47.522089600041411 ], [ 19.186331272582482, 47.518598355963093 ], [ 19.193535854636902, 47.519552563362929 ], [ 19.195973380372351, 47.523998108851224 ], [ 19.191205671725889, 47.52748952799449 ], [ 19.18400040266263, 47.526535226568598 ] ] ] } },
{ "type": "Feature", "properties": { "h3": "881e03635dfffff" }, "geometry": { "type": "Polygon", "coordinates": [ [ [ 19.162386126357173, 47.52366960907208 ], [ 19.159950666187651, 47.51922344564008 ], [ 19.164719056560671, 47.515733020994759 ], [ 19.171922873330129, 47.516688584734503 ], [ 19.174358986283693, 47.521134667354694 ], [ 19.169590629763974, 47.524625267062888 ], [ 19.162386126357173, 47.52366960907208 ] ] ] } },
{ "type": "Feature", "properties": { "h3": "881e036361fffff" }, "geometry": { "type": "Polygon", "coordinates": [ [ [ 19.123838104800623, 47.502053282088028 ], [ 19.121405685840852, 47.497605296727784 ], [ 19.126174208258, 47.494115572254927 ], [ 19.133375117208924, 47.495073658127104 ], [ 19.13580818934323, 47.499521563118435 ], [ 19.131039699432058, 47.503011462622496 ], [ 19.123838104800623, 47.502053282088028 ] ] ] } },
{ "type": "Feature", "properties": { "h3": "881e036363fffff" }, "geometry": { "type": "Polygon", "coordinates": [ [ [ 19.13580818934323, 47.499521563118435 ], [ 19.133375117208924, 47.495073658127104 ], [ 19.138143028406098, 47.49158328925661 ], [ 19.14534397890133, 47.492540650367587 ], [ 19.147777703932856, 47.496988474873334 ], [ 19.143009825651951, 47.50047901876966 ], [ 19.13580818934323, 47.499521563118435 ] ] ] } },
{ "type": "Feature", "properties": { "h3": "881e036365fffff" }, "geometry": { "type": "Polygon", "coordinates": [ [ [ 19.11420481907485, 47.4966464860779 ], [ 19.111773160247107, 47.492198045736224 ], [ 19.116541714833755, 47.488708496286577 ], [ 19.123741896158563, 47.489667212171369 ], [ 19.126174208258, 47.494115572254927 ], [ 19.121405685840852, 47.497605296727784 ], [ 19.11420481907485, 47.4966464860779 ] ] ] } },
{ "type": "Feature", "properties": { "h3": "881e036367fffff" }, "geometry": { "type": "Polygon", "coordinates": [ [ [ 19.126174208258, 47.494115572254927 ], [ 19.123741896158563, 47.489667212171369 ], [ 19.1285098399355, 47.486177018318834 ], [ 19.135710063312068, 47.487135009547899 ], [ 19.138143028406098, 47.49158328925661 ], [ 19.133375117208924, 47.495073658127104 ], [ 19.126174208258, 47.494115572254927 ] ] ] } },
{ "type": "Feature", "properties": { "h3": "881e036369fffff" }, "geometry": { "type": "Polygon", "coordinates": [ [ [ 19.121501529428194, 47.509990147608079 ], [ 19.119069003622638, 47.505542537066567 ], [ 19.123838104800623, 47.502053282088028 ], [ 19.131039699432058, 47.503011462622496 ], [ 19.133472878592155, 47.507458992800977 ], [ 19.128703809846282, 47.510948422824029 ], [ 19.121501529428194, 47.509990147608079 ] ] ] } },
{ "type": "Feature", "properties": { "h3": "881e03636bfffff" }, "geometry": { "type": "Polygon", "coordinates": [ [ [ 19.133472878592155, 47.507458992800977 ], [ 19.131039699432058, 47.503011462622496 ], [ 19.13580818934323, 47.499521563118435 ], [ 19.143009825651951, 47.50047901876966 ], [ 19.145443657889224, 47.504926468468476 ], [ 19.140675200820628, 47.508416543011698 ], [ 19.133472878592155, 47.507458992800977 ] ] ] } },
{ "type": "Feature", "properties": { "h3": "881e03636dfffff" }, "geometry": { "type": "Polygon", "coordinates": [ [ [ 19.111867451309319, 47.504583631632435 ], [ 19.109435685801269, 47.500135566019992 ], [ 19.11420481907485, 47.4966464860779 ], [ 19.121405685840852, 47.497605296727784 ], [ 19.123838104800623, 47.502053282088028 ], [ 19.119069003622638, 47.505542537066567 ], [ 19.111867451309319, 47.504583631632435 ] ] ] } },
{ "type": "Feature", "properties": { "h3": "881e036803fffff" }, "geometry": { "type": "Polygon", "coordinates": [ [ [ 19.134632750561103, 47.350759681271263 ], [ 19.132204421968073, 47.346303978910996 ], [ 19.136963223136043, 47.342806815024687 ], [ 19.144150320227268, 47.3437651787264 ], [ 19.146579299235768, 47.348220800945079 ], [ 19.141820530817139, 47.351718139619571 ], [ 19.134632750561103, 47.350759681271263 ] ] ] } },
{ "type": "Feature", "properties": { "h3": "881e036809fffff" }, "geometry": { "type": "Polygon", "coordinates": [ [ [ 19.120353431996854, 47.361248660012571 ], [ 19.117925647677044, 47.356793250547611 ], [ 19.122685634222094, 47.353297196728796 ], [ 19.129873372898572, 47.354256377584846 ], [ 19.132301808088531, 47.358711707031624 ], [ 19.127541853811415, 47.362207935656478 ], [ 19.120353431996854, 47.361248660012571 ] ] ] } },
{ "type": "Feature", "properties": { "h3": "881e03680bfffff" }, "geometry": { "type": "Polygon", "coordinates": [ [ [ 19.132301808088531, 47.358711707031624 ], [ 19.129873372898572, 47.354256377584846 ], [ 19.134632750561103, 47.350759681271263 ], [ 19.141820530817139, 47.351718139619571 ], [ 19.144249616601495, 47.356173388931168 ], [ 19.139490271614992, 47.359670260045569 ], [ 19.132301808088531, 47.358711707031624 ] ] ] } },
{ "type": "Feature", "properties": { "h3": "881e036819fffff" }, "geometry": { "type": "Polygon", "coordinates": [ [ [ 19.153867964245926, 47.361586015393819 ], [ 19.151438121202602, 47.357131219332032 ], [ 19.156196856537189, 47.35363370586203 ], [ 19.163385401575802, 47.35459081366691 ], [ 19.165815894840474, 47.359045529366 ], [ 19.16105719292484, 47.362543217638816 ], [ 19.153867964245926, 47.361586015393819 ] ] ] } },
{ "type": "Feature", "properties": { "h3": "881e03681bfffff" }, "geometry": { "type": "Polygon", "coordinates": [ [ [ 19.165815894840474, 47.359045529366 ], [ 19.163385401575802, 47.35459081366691 ], [ 19.16814352689736, 47.351092657975386 ], [ 19.175332111736356, 47.352049043201518 ], [ 19.17776325494621, 47.356503678421056 ], [ 19.173005163451595, 47.360002008909916 ], [ 19.165815894840474, 47.359045529366 ] ] ] } },
{ "type": "Feature", "properties": { "h3": "881e03681dfffff" }, "geometry": { "type": "Polygon", "coordinates": [ [ [ 19.144249616601495, 47.356173388931168 ], [ 19.141820530817139, 47.351718139619571 ], [ 19.146579299235768, 47.348220800945079 ], [ 19.153767120434313, 47.349178536802576 ], [ 19.156196856537189, 47.35363370586203 ], [ 19.151438121202602, 47.357131219332032 ], [ 19.144249616601495, 47.356173388931168 ] ] ] } },
{ "type": "Feature", "properties": { "h3": "881e036841fffff" }, "geometry": { "type": "Polygon", "coordinates": [ [ [ 19.106070556950264, 47.371734307311037 ], [ 19.103643317551814, 47.367279190968098 ], [ 19.108404489325356, 47.363784247723558 ], [ 19.115592868790667, 47.364744246014098 ], [ 19.118020759513971, 47.369199282462233 ], [ 19.113259619526641, 47.37269440053057 ], [ 19.106070556950264, 47.371734307311037 ] ] ] } },
{ "type": "Feature", "properties": { "h3": "881e036843fffff" }, "geometry": { "type": "Polygon", "coordinates": [ [ [ 19.118020759513971, 47.369199282462233 ], [ 19.115592868790667, 47.364744246014098 ], [ 19.120353431996854, 47.361248660012571 ], [ 19.127541853811415, 47.362207935656478 ], [ 19.129970395583896, 47.366662892092819 ], [ 19.125209864572202, 47.370158652913005 ], [ 19.118020759513971, 47.369199282462233 ] ] ] } },
{ "type": "Feature", "properties": { "h3": "881e036849fffff" }, "geometry": { "type": "Polygon", "coordinates": [ [ [ 19.103736153957495, 47.379683525716878 ], [ 19.101308808349195, 47.375228782493942 ], [ 19.106070556950264, 47.371734307311037 ], [ 19.113259619526641, 47.37269440053057 ], [ 19.11568761663894, 47.377149063865076 ], [ 19.110925899750406, 47.38064371388441 ], [ 19.103736153957495, 47.379683525716878 ] ] ] } },
{ "type": "Feature", "properties": { "h3": "881e03684bfffff" }, "geometry": { "type": "Polygon", "coordinates": [ [ [ 19.11568761663894, 47.377149063865076 ], [ 19.113259619526641, 47.37269440053057 ], [ 19.118020759513971, 47.369199282462233 ], [ 19.125209864572202, 47.370158652913005 ], [ 19.12763851291276, 47.37461323624202 ], [ 19.122877405046399, 47.378108529141713 ], [ 19.11568761663894, 47.377149063865076 ] ] ] } },
{ "type": "Feature", "properties": { "h3": "881e036851fffff" }, "geometry": { "type": "Polygon", "coordinates": [ [ [ 19.139588841779425, 47.372076042997996 ], [ 19.137159542486437, 47.367621539791429 ], [ 19.141919464160857, 47.364125136353103 ], [ 19.149108652270261, 47.365083061316405 ], [ 19.151538602239683, 47.369537484283569 ], [ 19.146778713502883, 47.373034062542771 ], [ 19.139588841779425, 47.372076042997996 ] ] ] } },
{ "type": "Feature", "properties": { "h3": "881e036853fffff" }, "geometry": { "type": "Polygon", "coordinates": [ [ [ 19.151538602239683, 47.369537484283569 ], [ 19.149108652270261, 47.365083061316405 ], [ 19.153867964245926, 47.361586015393819 ], [ 19.16105719292484, 47.362543217638816 ], [ 19.163487793294539, 47.366997560249686 ], [ 19.158728514664716, 47.370494780987769 ], [ 19.151538602239683, 47.369537484283569 ] ] ] } },
{ "type": "Feature", "properties": { "h3": "881e036855fffff" }, "geometry": { "type": "Polygon", "coordinates": [ [ [ 19.129970395583896, 47.366662892092819 ], [ 19.127541853811415, 47.362207935656478 ], [ 19.132301808088531, 47.358711707031624 ], [ 19.139490271614992, 47.359670260045569 ], [ 19.141919464160857, 47.364125136353103 ], [ 19.137159542486437, 47.367621539791429 ], [ 19.129970395583896, 47.366662892092819 ] ] ] } },
{ "type": "Feature", "properties": { "h3": "881e036857fffff" }, "geometry": { "type": "Polygon", "coordinates": [ [ [ 19.141919464160857, 47.364125136353103 ], [ 19.139490271614992, 47.359670260045569 ], [ 19.144249616601495, 47.356173388931168 ], [ 19.151438121202602, 47.357131219332032 ], [ 19.153867964245926, 47.361586015393819 ], [ 19.149108652270261, 47.365083061316405 ], [ 19.141919464160857, 47.364125136353103 ] ] ] } },
{ "type": "Feature", "properties": { "h3": "881e036859fffff" }, "geometry": { "type": "Polygon", "coordinates": [ [ [ 19.137257749322771, 47.380026108653148 ], [ 19.134828343297038, 47.375571978644345 ], [ 19.139588841779425, 47.372076042997996 ], [ 19.146778713502883, 47.373034062542771 ], [ 19.149208770384067, 47.377488112318495 ], [ 19.144448304765994, 47.38098422279846 ], [ 19.137257749322771, 47.380026108653148 ] ] ] } },
{ "type": "Feature", "properties": { "h3": "881e03685bfffff" }, "geometry": { "type": "Polygon", "coordinates": [ [ [ 19.149208770384067, 47.377488112318495 ], [ 19.146778713502883, 47.373034062542771 ], [ 19.151538602239683, 47.369537484283569 ], [ 19.158728514664716, 47.370494780987769 ], [ 19.161159222125232, 47.37494875041353 ], [ 19.156399366661059, 47.378445503500977 ], [ 19.149208770384067, 47.377488112318495 ] ] ] } },
{ "type": "Feature", "properties": { "h3": "881e03685dfffff" }, "geometry": { "type": "Polygon", "coordinates": [ [ [ 19.12763851291276, 47.37461323624202 ], [ 19.125209864572202, 47.370158652913005 ], [ 19.129970395583896, 47.366662892092819 ], [ 19.137159542486437, 47.367621539791429 ], [ 19.139588841779425, 47.372076042997996 ], [ 19.134828343297038, 47.375571978644345 ], [ 19.12763851291276, 47.37461323624202 ] ] ] } },
{ "type": "Feature", "properties": { "h3": "881e036a01fffff" }, "geometry": { "type": "Polygon", "coordinates": [ [ [ 19.106350338525392, 47.40893977475934 ], [ 19.103921916002431, 47.404486604846177 ], [ 19.108685364315104, 47.400993359667787 ], [ 19.115877203403937, 47.40195310953618 ], [ 19.118306277872165, 47.406406199468968 ], [ 19.113542861385934, 47.409899619529718 ], [ 19.106350338525392, 47.40893977475934 ] ] ] } },
{ "type": "Feature", "properties": { "h3": "881e036a03fffff" }, "geometry": { "type": "Polygon", "coordinates": [ [ [ 19.118306277872165, 47.406406199468968 ], [ 19.115877203403937, 47.40195310953618 ], [ 19.120640042554943, 47.398459221092317 ], [ 19.127831924018537, 47.399418247720007 ], [ 19.130261650155962, 47.40387125755548 ], [ 19.125498843240273, 47.407365320876536 ], [ 19.118306277872165, 47.406406199468968 ] ] ] } },
{ "type": "Feature", "properties": { "h3": "881e036a05fffff" }, "geometry": { "type": "Polygon", "coordinates": [ [ [ 19.096730119926693, 47.40352613172066 ], [ 19.094302455776383, 47.399072508437733 ], [ 19.099065935580381, 47.395579438133936 ], [ 19.106257048122981, 47.39653981625446 ], [ 19.108685364315104, 47.400993359667787 ], [ 19.103921916002431, 47.404486604846177 ], [ 19.096730119926693, 47.40352613172066 ] ] ] } },
{ "type": "Feature", "properties": { "h3": "881e036a07fffff" }, "geometry": { "type": "Polygon", "coordinates": [ [ [ 19.108685364315104, 47.400993359667787 ], [ 19.106257048122981, 47.39653981625446 ], [ 19.111019919174129, 47.393046102680159 ], [ 19.118211074596879, 47.394005757665596 ], [ 19.120640042554943, 47.398459221092317 ], [ 19.115877203403937, 47.40195310953618 ], [ 19.108685364315104, 47.400993359667787 ] ] ] } },
{ "type": "Feature", "properties": { "h3": "881e036a09fffff" }, "geometry": { "type": "Polygon", "coordinates": [ [ [ 19.104014841670253, 47.416885347742934 ], [ 19.101586312831024, 47.412432551426356 ], [ 19.106350338525392, 47.40893977475934 ], [ 19.113542861385934, 47.409899619529718 ], [ 19.115972042349849, 47.41435233587211 ], [ 19.11120804840818, 47.417845287434311 ], [ 19.104014841670253, 47.416885347742934 ] ] ] } },
{ "type": "Feature", "properties": { "h3": "881e036a0bfffff" }, "geometry": { "type": "Polygon", "coordinates": [ [ [ 19.115972042349849, 47.41435233587211 ], [ 19.113542861385934, 47.409899619529718 ], [ 19.118306277872165, 47.406406199468968 ], [ 19.125498843240273, 47.407365320876536 ], [ 19.127928676052719, 47.411817957127838 ], [ 19.123165291728196, 47.415311552078634 ], [ 19.115972042349849, 47.41435233587211 ] ] ] } },
{ "type": "Feature", "properties": { "h3": "881e036a0dfffff" }, "geometry": { "type": "Polygon", "coordinates": [ [ [ 19.094393833116591, 47.41147198327684 ], [ 19.091966062814812, 47.407018733500287 ], [ 19.096730119926693, 47.40352613172066 ], [ 19.103921916002431, 47.404486604846177 ], [ 19.106350338525392, 47.40893977475934 ], [ 19.101586312831024, 47.412432551426356 ], [ 19.094393833116591, 47.41147198327684 ] ] ] } },
{ "type": "Feature", "properties": { "h3": "881e036a11fffff" }, "geometry": { "type": "Polygon", "coordinates": [ [ [ 19.139884741777944, 47.409282211660106 ], [ 19.137454257393184, 47.404829655616808 ], [ 19.142216454376154, 47.401334949168998 ], [ 19.149409102844118, 47.402292623900884 ], [ 19.151840238524766, 47.406745099619293 ], [ 19.147078074521325, 47.410239980946649 ], [ 19.139884741777944, 47.409282211660106 ] ] ] } },
{ "type": "Feature", "properties": { "h3": "881e036a13fffff" }, "geometry": { "type": "Polygon", "coordinates": [ [ [ 19.151840238524766, 47.406745099619293 ], [ 19.149409102844118, 47.402292623900884 ], [ 19.154170689532382, 47.398797274460037 ], [ 19.16136337859281, 47.399754225879384 ], [ 19.16379516529285, 47.404206621156128 ], [ 19.159033611992893, 47.407702145471099 ], [ 19.151840238524766, 47.406745099619293 ] ] ] } },
{ "type": "Feature", "properties": { "h3": "881e036a15fffff" }, "geometry": { "type": "Polygon", "coordinates": [ [ [ 19.130261650155962, 47.40387125755548 ], [ 19.127831924018537, 47.399418247720007 ], [ 19.132594153645613, 47.395923716144175 ], [ 19.139786076845716, 47.396882019547775 ], [ 19.142216454376154, 47.401334949168998 ], [ 19.137454257393184, 47.404829655616808 ], [ 19.130261650155962, 47.40387125755548 ] ] ] } },
{ "type": "Feature", "properties": { "h3": "881e036a17fffff" }, "geometry": { "type": "Polygon", "coordinates": [ [ [ 19.142216454376154, 47.401334949168998 ], [ 19.139786076845716, 47.396882019547775 ], [ 19.144547696586862, 47.393386844973591 ], [ 19.151739660885294, 47.394344425169898 ], [ 19.154170689532382, 47.398797274460037 ], [ 19.149409102844118, 47.402292623900884 ], [ 19.142216454376154, 47.401334949168998 ] ] ] } },
{ "type": "Feature", "properties": { "h3": "881e036a19fffff" }, "geometry": { "type": "Polygon", "coordinates": [ [ [ 19.137552558657557, 47.417228632234952 ], [ 19.135121967432902, 47.412776449866001 ], [ 19.139884741777944, 47.409282211660106 ], [ 19.147078074521325, 47.410239980946649 ], [ 19.149509317221195, 47.414692082996922 ], [ 19.14474657578225, 47.418186496095274 ], [ 19.137552558657557, 47.417228632234952 ] ] ] } },
{ "type": "Feature", "properties": { "h3": "881e036a1bfffff" }, "geometry": { "type": "Polygon", "coordinates": [ [ [ 19.149509317221195, 47.414692082996922 ], [ 19.147078074521325, 47.410239980946649 ], [ 19.151840238524766, 47.406745099619293 ], [ 19.159033611992893, 47.407702145471099 ], [ 19.161465505891385, 47.412154167085895 ], [ 19.156703375202977, 47.415649223300299 ], [ 19.149509317221195, 47.414692082996922 ] ] ] } },
{ "type": "Feature", "properties": { "h3": "881e036a1dfffff" }, "geometry": { "type": "Polygon", "coordinates": [ [ [ 19.127928676052719, 47.411817957127838 ], [ 19.125498843240273, 47.407365320876536 ], [ 19.130261650155962, 47.40387125755548 ], [ 19.137454257393184, 47.404829655616808 ], [ 19.139884741777944, 47.409282211660106 ], [ 19.135121967432902, 47.412776449866001 ], [ 19.127928676052719, 47.411817957127838 ] ] ] } },
{ "type": "Feature", "properties": { "h3": "881e036a21fffff" }, "geometry": { "type": "Polygon", "coordinates": [ [ [ 19.0894479918665, 47.390164435277214 ], [ 19.087021192021766, 47.385709985505912 ], [ 19.091784125868305, 47.382216621647565 ], [ 19.098973828408845, 47.383177532722407 ], [ 19.101401280212432, 47.387631902728614 ], [ 19.096638377596143, 47.391125441441076 ], [ 19.0894479918665, 47.390164435277214 ] ] ] } },
{ "type": "Feature", "properties": { "h3": "881e036a23fffff" }, "geometry": { "type": "Polygon", "coordinates": [ [ [ 19.101401280212432, 47.387631902728614 ], [ 19.098973828408845, 47.383177532722407 ], [ 19.103736153957495, 47.379683525716878 ], [ 19.110925899750406, 47.38064371388441 ], [ 19.113354003237195, 47.385098004008505 ], [ 19.10859170932741, 47.388592185863168 ], [ 19.101401280212432, 47.387631902728614 ] ] ] } },
{ "type": "Feature", "properties": { "h3": "881e036a27fffff" }, "geometry": { "type": "Polygon", "coordinates": [ [ [ 19.091784125868305, 47.382216621647565 ], [ 19.089357432039563, 47.377761798653275 ], [ 19.094119788892311, 47.374267966489171 ], [ 19.101308808349195, 47.375228782493942 ], [ 19.103736153957495, 47.379683525716878 ], [ 19.098973828408845, 47.383177532722407 ], [ 19.091784125868305, 47.382216621647565 ] ] ] } },
{ "type": "Feature", "properties": { "h3": "881e036a29fffff" }, "geometry": { "type": "Polygon", "coordinates": [ [ [ 19.087111386752159, 47.398111407165842 ], [ 19.084684480906084, 47.393657330714184 ], [ 19.0894479918665, 47.390164435277214 ], [ 19.096638377596143, 47.391125441441076 ], [ 19.099065935580381, 47.395579438133936 ], [ 19.094302455776383, 47.399072508437733 ], [ 19.087111386752159, 47.398111407165842 ] ] ] } },
{ "type": "Feature", "properties": { "h3": "881e036a2bfffff" }, "geometry": { "type": "Polygon", "coordinates": [ [ [ 19.099065935580381, 47.395579438133936 ], [ 19.096638377596143, 47.391125441441076 ], [ 19.101401280212432, 47.387631902728614 ], [ 19.10859170932741, 47.388592185863168 ], [ 19.111019919174129, 47.393046102680159 ], [ 19.106257048122981, 47.39653981625446 ], [ 19.099065935580381, 47.395579438133936 ] ] ] } },
{ "type": "Feature", "properties": { "h3": "881e036a31fffff" }, "geometry": { "type": "Polygon", "coordinates": [ [ [ 19.122973336532855, 47.390511400954168 ], [ 19.120544475099489, 47.386057564130049 ], [ 19.125306159940607, 47.382562739266653 ], [ 19.132496673912303, 47.383521576391701 ], [ 19.134926186656351, 47.387975333105999 ], [ 19.130164534197668, 47.391470332821015 ], [ 19.122973336532855, 47.390511400954168 ] ] ] } },
{ "type": "Feature", "properties": { "h3": "881e036a33fffff" }, "geometry": { "type": "Polygon", "coordinates": [ [ [ 19.134926186656351, 47.387975333105999 ], [ 19.132496673912303, 47.383521576391701 ], [ 19.137257749322771, 47.380026108653148 ], [ 19.144448304765994, 47.38098422279846 ], [ 19.146878468544639, 47.385437899285996 ], [ 19.142117425925118, 47.388933541870919 ], [ 19.134926186656351, 47.387975333105999 ] ] ] } },
{ "type": "Feature", "properties": { "h3": "881e036a35fffff" }, "geometry": { "type": "Polygon", "coordinates": [ [ [ 19.113354003237195, 47.385098004008505 ], [ 19.110925899750406, 47.38064371388441 ], [ 19.11568761663894, 47.377149063865076 ], [ 19.122877405046399, 47.378108529141713 ], [ 19.125306159940607, 47.382562739266653 ], [ 19.120544475099489, 47.386057564130049 ], [ 19.113354003237195, 47.385098004008505 ] ] ] } },
{ "type": "Feature", "properties": { "h3": "881e036a37fffff" }, "geometry": { "type": "Polygon", "coordinates": [ [ [ 19.125306159940607, 47.382562739266653 ], [ 19.122877405046399, 47.378108529141713 ], [ 19.12763851291276, 47.37461323624202 ], [ 19.134828343297038, 47.375571978644345 ], [ 19.137257749322771, 47.380026108653148 ], [ 19.132496673912303, 47.383521576391701 ], [ 19.125306159940607, 47.382562739266653 ] ] ] } },
{ "type": "Feature", "properties": { "h3": "881e036a39fffff" }, "geometry": { "type": "Polygon", "coordinates": [ [ [ 19.120640042554943, 47.398459221092317 ], [ 19.118211074596879, 47.394005757665596 ], [ 19.122973336532855, 47.390511400954168 ], [ 19.130164534197668, 47.391470332821015 ], [ 19.132594153645613, 47.395923716144175 ], [ 19.127831924018537, 47.399418247720007 ], [ 19.120640042554943, 47.398459221092317 ] ] ] } },
{ "type": "Feature", "properties": { "h3": "881e036a3bfffff" }, "geometry": { "type": "Polygon", "coordinates": [ [ [ 19.132594153645613, 47.395923716144175 ], [ 19.130164534197668, 47.391470332821015 ], [ 19.134926186656351, 47.387975333105999 ], [ 19.142117425925118, 47.388933541870919 ], [ 19.144547696586862, 47.393386844973591 ], [ 19.139786076845716, 47.396882019547775 ], [ 19.132594153645613, 47.395923716144175 ] ] ] } },
{ "type": "Feature", "properties": { "h3": "881e036a3dfffff" }, "geometry": { "type": "Polygon", "coordinates": [ [ [ 19.111019919174129, 47.393046102680159 ], [ 19.10859170932741, 47.388592185863168 ], [ 19.113354003237195, 47.385098004008505 ], [ 19.120544475099489, 47.386057564130049 ], [ 19.122973336532855, 47.390511400954168 ], [ 19.118211074596879, 47.394005757665596 ], [ 19.111019919174129, 47.393046102680159 ] ] ] } },
{ "type": "Feature", "properties": { "h3": "881e036a41fffff" }, "geometry": { "type": "Polygon", "coordinates": [ [ [ 19.089719845487885, 47.427361159450392 ], [ 19.087291862927191, 47.422908656975707 ], [ 19.092057075015255, 47.419416992590627 ], [ 19.099250238474006, 47.420377655783163 ], [ 19.101678873614901, 47.424830078406835 ], [ 19.09691369279653, 47.428321917704963 ], [ 19.089719845487885, 47.427361159450392 ] ] ] } },
{ "type": "Feature", "properties": { "h3": "881e036a43fffff" }, "geometry": { "type": "Polygon", "coordinates": [ [ [ 19.101678873614901, 47.424830078406835 ], [ 19.099250238474006, 47.420377655783163 ], [ 19.104014841670253, 47.416885347742934 ], [ 19.11120804840818, 47.417845287434311 ], [ 19.113637335853223, 47.422297630089986 ], [ 19.108872764335882, 47.425790113038246 ], [ 19.101678873614901, 47.424830078406835 ] ] ] } },
{ "type": "Feature", "properties": { "h3": "881e036a45fffff" }, "geometry": { "type": "Polygon", "coordinates": [ [ [ 19.080098743386422, 47.421947270265875 ], [ 19.07767151962436, 47.417494314351941 ], [ 19.082436762646953, 47.414002824871993 ], [ 19.089629198576709, 47.414964116416847 ], [ 19.092057075015255, 47.419416992590627 ], [ 19.087291862927191, 47.422908656975707 ], [ 19.080098743386422, 47.421947270265875 ] ] ] } },
{ "type": "Feature", "properties": { "h3": "881e036a47fffff" }, "geometry": { "type": "Polygon", "coordinates": [ [ [ 19.092057075015255, 47.419416992590627 ], [ 19.089629198576709, 47.414964116416847 ], [ 19.094393833116591, 47.41147198327684 ], [ 19.101586312831024, 47.412432551426356 ], [ 19.104014841670253, 47.416885347742934 ], [ 19.099250238474006, 47.420377655783163 ], [ 19.092057075015255, 47.419416992590627 ] ] ] } },
{ "type": "Feature", "properties": { "h3": "881e036a49fffff" }, "geometry": { "type": "Polygon", "coordinates": [ [ [ 19.087382144399566, 47.435304483644643 ], [ 19.084954055731387, 47.430852354965253 ], [ 19.089719845487885, 47.427361159450392 ], [ 19.09691369279653, 47.428321917704963 ], [ 19.099342434224475, 47.432773966539486 ], [ 19.09457667566371, 47.436265336980284 ], [ 19.087382144399566, 47.435304483644643 ] ] ] } },
{ "type": "Feature", "properties": { "h3": "881e036a4bfffff" }, "geometry": { "type": "Polygon", "coordinates": [ [ [ 19.099342434224475, 47.432773966539486 ], [ 19.09691369279653, 47.428321917704963 ], [ 19.101678873614901, 47.424830078406835 ], [ 19.108872764335882, 47.425790113038246 ], [ 19.111302158247501, 47.430242081910919 ], [ 19.106537009034174, 47.433734096129996 ], [ 19.099342434224475, 47.432773966539486 ] ] ] } },
{ "type": "Feature", "properties": { "h3": "881e036a4dfffff" }, "geometry": { "type": "Polygon", "coordinates": [ [ [ 19.077760252474111, 47.429890873071443 ], [ 19.075332922769466, 47.425438290862751 ], [ 19.080098743386422, 47.421947270265875 ], [ 19.087291862927191, 47.422908656975707 ], [ 19.089719845487885, 47.427361159450392 ], [ 19.084954055731387, 47.430852354965253 ], [ 19.077760252474111, 47.429890873071443 ] ] ] } },
{ "type": "Feature", "properties": { "h3": "881e036a51fffff" }, "geometry": { "type": "Polygon", "coordinates": [ [ [ 19.12326131546666, 47.427708829908411 ], [ 19.120831269347587, 47.423256941114509 ], [ 19.125595231201203, 47.419763814649379 ], [ 19.132789206830125, 47.420722402083484 ], [ 19.135219904880273, 47.425174210681739 ], [ 19.130455975450186, 47.428667512057515 ], [ 19.12326131546666, 47.427708829908411 ] ] ] } },
{ "type": "Feature", "properties": { "h3": "881e036a53fffff" }, "geometry": { "type": "Polygon", "coordinates": [ [ [ 19.135219904880273, 47.425174210681739 ], [ 19.132789206830125, 47.420722402083484 ], [ 19.137552558657557, 47.417228632234952 ], [ 19.14474657578225, 47.418186496095274 ], [ 19.147177925486968, 47.422638224381025 ], [ 19.142414606492224, 47.426132169134924 ], [ 19.135219904880273, 47.425174210681739 ] ] ] } },
{ "type": "Feature", "properties": { "h3": "881e036a55fffff" }, "geometry": { "type": "Polygon", "coordinates": [ [ [ 19.113637335853223, 47.422297630089986 ], [ 19.11120804840818, 47.417845287434311 ], [ 19.115972042349849, 47.41435233587211 ], [ 19.123165291728196, 47.415311552078634 ], [ 19.125595231201203, 47.419763814649379 ], [ 19.120831269347587, 47.423256941114509 ], [ 19.113637335853223, 47.422297630089986 ] ] ] } },
{ "type": "Feature", "properties": { "h3": "881e036a57fffff" }, "geometry": { "type": "Polygon", "coordinates": [ [ [ 19.125595231201203, 47.419763814649379 ], [ 19.123165291728196, 47.415311552078634 ], [ 19.127928676052719, 47.411817957127838 ], [ 19.135121967432902, 47.412776449866001 ], [ 19.137552558657557, 47.417228632234952 ], [ 19.132789206830125, 47.420722402083484 ], [ 19.125595231201203, 47.419763814649379 ] ] ] } },
{ "type": "Feature", "properties": { "h3": "881e036a59fffff" }, "geometry": { "type": "Polygon", "coordinates": [ [ [ 19.120926928714255, 47.435653002693378 ], [ 19.118496775963649, 47.431201487772526 ], [ 19.12326131546666, 47.427708829908411 ], [ 19.130455975450186, 47.428667512057515 ], [ 19.132886780311356, 47.433118946788852 ], [ 19.128122273158247, 47.436611779576573 ], [ 19.120926928714255, 47.435653002693378 ] ] ] } },
{ "type": "Feature", "properties": { "h3": "881e036a5bfffff" }, "geometry": { "type": "Polygon", "coordinates": [ [ [ 19.132886780311356, 47.433118946788852 ], [ 19.130455975450186, 47.428667512057515 ], [ 19.135219904880273, 47.425174210681739 ], [ 19.142414606492224, 47.426132169134924 ], [ 19.144846063187401, 47.430583523559939 ], [ 19.140082166516468, 47.434076999854057 ], [ 19.132886780311356, 47.433118946788852 ] ] ] } },
{ "type": "Feature", "properties": { "h3": "881e036a5dfffff" }, "geometry": { "type": "Polygon", "coordinates": [ [ [ 19.111302158247501, 47.430242081910919 ], [ 19.108872764335882, 47.425790113038246 ], [ 19.113637335853223, 47.422297630089986 ], [ 19.120831269347587, 47.423256941114509 ], [ 19.12326131546666, 47.427708829908411 ], [ 19.118496775963649, 47.431201487772526 ], [ 19.111302158247501, 47.430242081910919 ] ] ] } },
{ "type": "Feature", "properties": { "h3": "881e036a61fffff" }, "geometry": { "type": "Polygon", "coordinates": [ [ [ 19.072817936707963, 47.408587575660832 ], [ 19.070391577468374, 47.404133792989832 ], [ 19.075156273690283, 47.40064200962658 ], [ 19.082347298557831, 47.401603834065902 ], [ 19.084774310390578, 47.406057537101397 ], [ 19.080009644842189, 47.409549495349104 ], [ 19.072817936707963, 47.408587575660832 ] ] ] } },
{ "type": "Feature", "properties": { "h3": "881e036a63fffff" }, "geometry": { "type": "Polygon", "coordinates": [ [ [ 19.084774310390578, 47.406057537101397 ], [ 19.082347298557831, 47.401603834065902 ], [ 19.087111386752159, 47.398111407165842 ], [ 19.094302455776383, 47.399072508437733 ], [ 19.096730119926693, 47.40352613172066 ], [ 19.091966062814812, 47.407018733500287 ], [ 19.084774310390578, 47.406057537101397 ] ] ] } },
{ "type": "Feature", "properties": { "h3": "881e036a65fffff" }, "geometry": { "type": "Polygon", "coordinates": [ [ [ 19.06320059739588, 47.403171245367176 ], [ 19.060774996652672, 47.398717009749184 ], [ 19.065539723213305, 47.395225401262437 ], [ 19.072730020257925, 47.396187853533185 ], [ 19.075156273690283, 47.40064200962658 ], [ 19.070391577468374, 47.404133792989832 ], [ 19.06320059739588, 47.403171245367176 ] ] ] } },
{ "type": "Feature", "properties": { "h3": "881e036a69fffff" }, "geometry": { "type": "Polygon", "coordinates": [ [ [ 19.070479128118041, 47.416532299395769 ], [ 19.068052663085943, 47.412078890243571 ], [ 19.072817936707963, 47.408587575660832 ], [ 19.080009644842189, 47.409549495349104 ], [ 19.082436762646953, 47.414002824871993 ], [ 19.07767151962436, 47.417494314351941 ], [ 19.070479128118041, 47.416532299395769 ] ] ] } },
{ "type": "Feature", "properties": { "h3": "881e036a6bfffff" }, "geometry": { "type": "Polygon", "coordinates": [ [ [ 19.082436762646953, 47.414002824871993 ], [ 19.080009644842189, 47.409549495349104 ], [ 19.084774310390578, 47.406057537101397 ], [ 19.091966062814812, 47.407018733500287 ], [ 19.094393833116591, 47.41147198327684 ], [ 19.089629198576709, 47.414964116416847 ], [ 19.082436762646953, 47.414002824871993 ] ] ] } },
{ "type": "Feature", "properties": { "h3": "881e036a6dfffff" }, "geometry": { "type": "Polygon", "coordinates": [ [ [ 19.060860999880283, 47.411116247250078 ], [ 19.058435293509334, 47.406662385060685 ], [ 19.06320059739588, 47.403171245367176 ], [ 19.070391577468374, 47.404133792989832 ], [ 19.072817936707963, 47.408587575660832 ], [ 19.068052663085943, 47.412078890243571 ], [ 19.060860999880283, 47.411116247250078 ] ] ] } },
{ "type": "Feature", "properties": { "h3": "881e036a81fffff" }, "geometry": { "type": "Polygon", "coordinates": [ [ [ 19.190029970618284, 47.39117605390814 ], [ 19.187596990280525, 47.386723446312146 ], [ 19.192356166861664, 47.38322570108393 ], [ 19.199548289173318, 47.384180388623129 ], [ 19.201981919521096, 47.388632915420928 ], [ 19.197222777627061, 47.39213083549361 ], [ 19.190029970618284, 47.39117605390814 ] ] ] } },
{ "type": "Feature", "properties": { "h3": "881e036a85fffff" }, "geometry": { "type": "Polygon", "coordinates": [ [ [ 19.180404906515314, 47.385768035634861 ], [ 19.177972683870507, 47.38131497389476 ], [ 19.182731894803233, 47.377817403503812 ], [ 19.189923294109018, 47.378772720031584 ], [ 19.192356166861664, 47.38322570108393 ], [ 19.187596990280525, 47.386723446312146 ], [ 19.180404906515314, 47.385768035634861 ] ] ] } },
{ "type": "Feature", "properties": { "h3": "881e036a87fffff" }, "geometry": { "type": "Polygon", "coordinates": [ [ [ 19.192356166861664, 47.38322570108393 ], [ 19.189923294109018, 47.378772720031584 ], [ 19.194681893757124, 47.37527450730704 ], [ 19.201873331477813, 47.37622910081916 ], [ 19.204306854061507, 47.380682001067001 ], [ 19.199548289173318, 47.384180388623129 ], [ 19.192356166861664, 47.38322570108393 ] ] ] } },
{ "type": "Feature", "properties": { "h3": "881e036a89fffff" }, "geometry": { "type": "Polygon", "coordinates": [ [ [ 19.187703304892544, 47.399125565567246 ], [ 19.185270216983795, 47.394673331524217 ], [ 19.190029970618284, 47.39117605390814 ], [ 19.197222777627061, 47.39213083549361 ], [ 19.199656515724847, 47.39658298874474 ], [ 19.194896796704654, 47.400080441218194 ], [ 19.187703304892544, 47.399125565567246 ] ] ] } },
{ "type": "Feature", "properties": { "h3": "881e036a8bfffff" }, "geometry": { "type": "Polygon", "coordinates": [ [ [ 19.199656515724847, 47.39658298874474 ], [ 19.197222777627061, 47.39213083549361 ], [ 19.201981919521096, 47.388632915420928 ], [ 19.209174764569966, 47.389586973763649 ], [ 19.211609152579712, 47.39403904610618 ], [ 19.206850045708524, 47.397537141030476 ], [ 19.199656515724847, 47.39658298874474 ] ] ] } },
{ "type": "Feature", "properties": { "h3": "881e036a8dfffff" }, "geometry": { "type": "Polygon", "coordinates": [ [ [ 19.17807744865307, 47.393717826678248 ], [ 19.175645118602166, 47.389265138400795 ], [ 19.180404906515314, 47.385768035634861 ], [ 19.187596990280525, 47.386723446312146 ], [ 19.190029970618284, 47.39117605390814 ], [ 19.185270216983795, 47.394673331524217 ], [ 19.17807744865307, 47.393717826678248 ] ] ] } },
{ "type": "Feature", "properties": { "h3": "881e036aa1fffff" }, "geometry": { "type": "Polygon", "coordinates": [ [ [ 19.173109103547208, 47.372408023089392 ], [ 19.170677745783689, 47.367954134130457 ], [ 19.175436413945384, 47.364456271047608 ], [ 19.182626405861203, 47.365412122122329 ], [ 19.185058413651269, 47.369865930497618 ], [ 19.180299779578707, 47.373363968397733 ], [ 19.173109103547208, 47.372408023089392 ] ] ] } },
{ "type": "Feature", "properties": { "h3": "881e036aa3fffff" }, "geometry": { "type": "Polygon", "coordinates": [ [ [ 19.185058413651269, 47.369865930497618 ], [ 19.182626405861203, 47.365412122122329 ], [ 19.187384463193784, 47.361913616828986 ], [ 19.194574493898941, 47.362868745115208 ], [ 19.197007151439028, 47.367322472790079 ], [ 19.192249128603706, 47.37082115289504 ], [ 19.185058413651269, 47.369865930497618 ] ] ] } },
{ "type": "Feature", "properties": { "h3": "881e036aa5fffff" }, "geometry": { "type": "Polygon", "coordinates": [ [ [ 19.163487793294539, 47.366997560249686 ], [ 19.16105719292484, 47.362543217638816 ], [ 19.165815894840474, 47.359045529366 ], [ 19.173005163451595, 47.360002008909916 ], [ 19.175436413945384, 47.364456271047608 ], [ 19.170677745783689, 47.367954134130457 ], [ 19.163487793294539, 47.366997560249686 ] ] ] } },
{ "type": "Feature", "properties": { "h3": "881e036aa7fffff" }, "geometry": { "type": "Polygon", "coordinates": [ [ [ 19.175436413945384, 47.364456271047608 ], [ 19.173005163451595, 47.360002008909916 ], [ 19.17776325494621, 47.356503678421056 ], [ 19.18495256285231, 47.357459435281292 ], [ 19.187384463193784, 47.361913616828986 ], [ 19.182626405861203, 47.365412122122329 ], [ 19.175436413945384, 47.364456271047608 ] ] ] } },
{ "type": "Feature", "properties": { "h3": "881e036aa9fffff" }, "geometry": { "type": "Polygon", "coordinates": [ [ [ 19.170781323617287, 47.380358934333678 ], [ 19.168349858598287, 47.375905418650284 ], [ 19.173109103547208, 47.372408023089392 ], [ 19.180299779578707, 47.373363968397733 ], [ 19.182731894803233, 47.377817403503812 ], [ 19.177972683870507, 47.38131497389476 ], [ 19.170781323617287, 47.380358934333678 ] ] ] } },
{ "type": "Feature", "properties": { "h3": "881e036aabfffff" }, "geometry": { "type": "Polygon", "coordinates": [ [ [ 19.182731894803233, 47.377817403503812 ], [ 19.180299779578707, 47.373363968397733 ], [ 19.185058413651269, 47.369865930497618 ], [ 19.192249128603706, 47.37082115289504 ], [ 19.194681893757124, 47.37527450730704 ], [ 19.189923294109018, 47.378772720031584 ], [ 19.182731894803233, 47.377817403503812 ] ] ] } },
{ "type": "Feature", "properties": { "h3": "881e036aadfffff" }, "geometry": { "type": "Polygon", "coordinates": [ [ [ 19.161159222125232, 47.37494875041353 ], [ 19.158728514664716, 47.370494780987769 ], [ 19.163487793294539, 47.366997560249686 ], [ 19.170677745783689, 47.367954134130457 ], [ 19.173109103547208, 47.372408023089392 ], [ 19.168349858598287, 47.375905418650284 ], [ 19.161159222125232, 47.37494875041353 ] ] ] } },
{ "type": "Feature", "properties": { "h3": "881e036ac1fffff" }, "geometry": { "type": "Polygon", "coordinates": [ [ [ 19.173421123667701, 47.409614884652818 ], [ 19.170988578847275, 47.405162943590277 ], [ 19.175749521082029, 47.401666776421635 ], [ 19.182942974084426, 47.402622375455437 ], [ 19.185376169549976, 47.407074235849002 ], [ 19.180615261447901, 47.410570577893651 ], [ 19.173421123667701, 47.409614884652818 ] ] ] } },
{ "type": "Feature", "properties": { "h3": "881e036ac3fffff" }, "geometry": { "type": "Polygon", "coordinates": [ [ [ 19.185376169549976, 47.407074235849002 ], [ 19.182942974084426, 47.402622375455437 ], [ 19.187703304892544, 47.399125565567246 ], [ 19.194896796704654, 47.400080441218194 ], [ 19.197330642538322, 47.404532220826077 ], [ 19.192570346271644, 47.408029205584604 ], [ 19.185376169549976, 47.407074235849002 ] ] ] } },
{ "type": "Feature", "properties": { "h3": "881e036ac5fffff" }, "geometry": { "type": "Polygon", "coordinates": [ [ [ 19.16379516529285, 47.404206621156128 ], [ 19.16136337859281, 47.399754225879384 ], [ 19.166124354624611, 47.396258233579388 ], [ 19.173317083639262, 47.397214461703378 ], [ 19.175749521082029, 47.401666776421635 ], [ 19.170988578847275, 47.405162943590277 ], [ 19.16379516529285, 47.404206621156128 ] ] ] } },
{ "type": "Feature", "properties": { "h3": "881e036ac7fffff" }, "geometry": { "type": "Polygon", "coordinates": [ [ [ 19.175749521082029, 47.401666776421635 ], [ 19.173317083639262, 47.397214461703378 ], [ 19.17807744865307, 47.393717826678248 ], [ 19.185270216983795, 47.394673331524217 ], [ 19.187703304892544, 47.399125565567246 ], [ 19.182942974084426, 47.402622375455437 ], [ 19.175749521082029, 47.401666776421635 ] ] ] } },
{ "type": "Feature", "properties": { "h3": "881e036ac9fffff" }, "geometry": { "type": "Polygon", "coordinates": [ [ [ 19.171092256275511, 47.417562151159792 ], [ 19.168659604091651, 47.413110583849381 ], [ 19.173421123667701, 47.409614884652818 ], [ 19.180615261447901, 47.410570577893651 ], [ 19.183048564456072, 47.415022064541311 ], [ 19.178287078939643, 47.418517938626835 ], [ 19.171092256275511, 47.417562151159792 ] ] ] } },
{ "type": "Feature", "properties": { "h3": "881e036acbfffff" }, "geometry": { "type": "Polygon", "coordinates": [ [ [ 19.183048564456072, 47.415022064541311 ], [ 19.180615261447901, 47.410570577893651 ], [ 19.185376169549976, 47.407074235849002 ], [ 19.192570346271644, 47.408029205584604 ], [ 19.195004299827104, 47.4124806114528 ], [ 19.190243426193515, 47.41597712838076 ], [ 19.183048564456072, 47.415022064541311 ] ] ] } },
{ "type": "Feature", "properties": { "h3": "881e036acdfffff" }, "geometry": { "type": "Polygon", "coordinates": [ [ [ 19.161465505891385, 47.412154167085895 ], [ 19.159033611992893, 47.407702145471099 ], [ 19.16379516529285, 47.404206621156128 ], [ 19.170988578847275, 47.405162943590277 ], [ 19.173421123667701, 47.409614884652818 ], [ 19.168659604091651, 47.413110583849381 ], [ 19.161465505891385, 47.412154167085895 ] ] ] } },
{ "type": "Feature", "properties": { "h3": "881e036ad1fffff" }, "geometry": { "type": "Polygon", "coordinates": [ [ [ 19.206959461388692, 47.409937792046165 ], [ 19.204524857563118, 47.405486467074084 ], [ 19.20928454163321, 47.401988839736042 ], [ 19.216478794322825, 47.40294236251426 ], [ 19.21891404814123, 47.40739360647364 ], [ 19.214154399357145, 47.410891408683419 ], [ 19.206959461388692, 47.409937792046165 ] ] ] } },
{ "type": "Feature", "properties": { "h3": "881e036ad3fffff" }, "geometry": { "type": "Polygon", "coordinates": [ [ [ 19.21891404814123, 47.40739360647364 ], [ 19.216478794322825, 47.40294236251426 ], [ 19.221237865835345, 47.399444092731237 ], [ 19.228432155551577, 47.400396892057685 ], [ 19.230868059085392, 47.404848054887808 ], [ 19.226109023267551, 47.40834649953662 ], [ 19.21891404814123, 47.40739360647364 ] ] ] } },
{ "type": "Feature", "properties": { "h3": "881e036ad5fffff" }, "geometry": { "type": "Polygon", "coordinates": [ [ [ 19.197330642538322, 47.404532220826077 ], [ 19.194896796704654, 47.400080441218194 ], [ 19.199656515724847, 47.39658298874474 ], [ 19.206850045708524, 47.397537141030476 ], [ 19.20928454163321, 47.401988839736042 ], [ 19.204524857563118, 47.405486467074084 ], [ 19.197330642538322, 47.404532220826077 ] ] ] } },
{ "type": "Feature", "properties": { "h3": "881e036ad7fffff" }, "geometry": { "type": "Polygon", "coordinates": [ [ [ 19.20928454163321, 47.401988839736042 ], [ 19.206850045708524, 47.397537141030476 ], [ 19.211609152579712, 47.39403904610618 ], [ 19.218802720096878, 47.394992475044624 ], [ 19.221237865835345, 47.399444092731237 ], [ 19.216478794322825, 47.40294236251426 ], [ 19.20928454163321, 47.401988839736042 ] ] ] } },
{ "type": "Feature", "properties": { "h3": "881e036ad9fffff" }, "geometry": { "type": "Polygon", "coordinates": [ [ [ 19.204633911711685, 47.417885902824501 ], [ 19.202199199999303, 47.413434951682262 ], [ 19.206959461388692, 47.409937792046165 ], [ 19.214154399357145, 47.410891408683419 ], [ 19.216589761241458, 47.415342278819139 ], [ 19.211829535065377, 47.418839613340012 ], [ 19.204633911711685, 47.417885902824501 ] ] ] } },
{ "type": "Feature", "properties": { "h3": "881e036adbfffff" }, "geometry": { "type": "Polygon", "coordinates": [ [ [ 19.216589761241458, 47.415342278819139 ], [ 19.214154399357145, 47.410891408683419 ], [ 19.21891404814123, 47.40739360647364 ], [ 19.226109023267551, 47.40834649953662 ], [ 19.228545035046313, 47.412797288549307 ], [ 19.22378542188434, 47.416295265637928 ], [ 19.216589761241458, 47.415342278819139 ] ] ] } },
{ "type": "Feature", "properties": { "h3": "881e036addfffff" }, "geometry": { "type": "Polygon", "coordinates": [ [ [ 19.195004299827104, 47.4124806114528 ], [ 19.192570346271644, 47.408029205584604 ], [ 19.197330642538322, 47.404532220826077 ], [ 19.204524857563118, 47.405486467074084 ], [ 19.206959461388692, 47.409937792046165 ], [ 19.202199199999303, 47.413434951682262 ], [ 19.195004299827104, 47.4124806114528 ] ] ] } },
{ "type": "Feature", "properties": { "h3": "881e036ae1fffff" }, "geometry": { "type": "Polygon", "coordinates": [ [ [ 19.156500670378641, 47.390848607731144 ], [ 19.154069748779413, 47.386395384965844 ], [ 19.158830181198084, 47.382899099644867 ], [ 19.166021501760973, 47.383855862256702 ], [ 19.168453074021262, 47.388309004567816 ], [ 19.16369267513732, 47.391805464737196 ], [ 19.156500670378641, 47.390848607731144 ] ] ] } },
{ "type": "Feature", "properties": { "h3": "881e036ae3fffff" }, "geometry": { "type": "Polygon", "coordinates": [ [ [ 19.168453074021262, 47.388309004567816 ], [ 19.166021501760973, 47.383855862256702 ], [ 19.170781323617287, 47.380358934333678 ], [ 19.177972683870507, 47.38131497389476 ], [ 19.180404906515314, 47.385768035634861 ], [ 19.175645118602166, 47.389265138400795 ], [ 19.168453074021262, 47.388309004567816 ] ] ] } },
{ "type": "Feature", "properties": { "h3": "881e036ae5fffff" }, "geometry": { "type": "Polygon", "coordinates": [ [ [ 19.146878468544639, 47.385437899285996 ], [ 19.144448304765994, 47.38098422279846 ], [ 19.149208770384067, 47.377488112318495 ], [ 19.156399366661059, 47.378445503500977 ], [ 19.158830181198084, 47.382899099644867 ], [ 19.154069748779413, 47.386395384965844 ], [ 19.146878468544639, 47.385437899285996 ] ] ] } },
{ "type": "Feature", "properties": { "h3": "881e036ae7fffff" }, "geometry": { "type": "Polygon", "coordinates": [ [ [ 19.158830181198084, 47.382899099644867 ], [ 19.156399366661059, 47.378445503500977 ], [ 19.161159222125232, 47.37494875041353 ], [ 19.168349858598287, 47.375905418650284 ], [ 19.170781323617287, 47.380358934333678 ], [ 19.166021501760973, 47.383855862256702 ], [ 19.158830181198084, 47.382899099644867 ] ] ] } },
{ "type": "Feature", "properties": { "h3": "881e036ae9fffff" }, "geometry": { "type": "Polygon", "coordinates": [ [ [ 19.154170689532382, 47.398797274460037 ], [ 19.151739660885294, 47.394344425169898 ], [ 19.156500670378641, 47.390848607731144 ], [ 19.16369267513732, 47.391805464737196 ], [ 19.166124354624611, 47.396258233579388 ], [ 19.16136337859281, 47.399754225879384 ], [ 19.154170689532382, 47.398797274460037 ] ] ] } },
{ "type": "Feature", "properties": { "h3": "881e036aebfffff" }, "geometry": { "type": "Polygon", "coordinates": [ [ [ 19.166124354624611, 47.396258233579388 ], [ 19.16369267513732, 47.391805464737196 ], [ 19.168453074021262, 47.388309004567816 ], [ 19.175645118602166, 47.389265138400795 ], [ 19.17807744865307, 47.393717826678248 ], [ 19.173317083639262, 47.397214461703378 ], [ 19.166124354624611, 47.396258233579388 ] ] ] } },
{ "type": "Feature", "properties": { "h3": "881e036aedfffff" }, "geometry": { "type": "Polygon", "coordinates": [ [ [ 19.144547696586862, 47.393386844973591 ], [ 19.142117425925118, 47.388933541870919 ], [ 19.146878468544639, 47.385437899285996 ], [ 19.154069748779413, 47.386395384965844 ], [ 19.156500670378641, 47.390848607731144 ], [ 19.151739660885294, 47.394344425169898 ], [ 19.144547696586862, 47.393386844973591 ] ] ] } },
{ "type": "Feature", "properties": { "h3": "881e036b41fffff" }, "geometry": { "type": "Polygon", "coordinates": [ [ [ 19.022403361173076, 47.389441234118159 ], [ 19.019980688755972, 47.384985561792149 ], [ 19.024746110354524, 47.381495121574943 ], [ 19.031934175523148, 47.382460178842884 ], [ 19.034357501191014, 47.386915772094476 ], [ 19.029592108518834, 47.390406387168618 ], [ 19.022403361173076, 47.389441234118159 ] ] ] } },
{ "type": "Feature", "properties": { "h3": "881e036b43fffff" }, "geometry": { "type": "Polygon", "coordinates": [ [ [ 19.034357501191014, 47.386915772094476 ], [ 19.031934175523148, 47.382460178842884 ], [ 19.036698991092429, 47.378969094937638 ], [ 19.043887103073835, 47.379933429447561 ], [ 19.046311081717768, 47.384388943507425 ], [ 19.041546295483577, 47.387880202265144 ], [ 19.034357501191014, 47.386915772094476 ] ] ] } },
{ "type": "Feature", "properties": { "h3": "881e036b49fffff" }, "geometry": { "type": "Polygon", "coordinates": [ [ [ 19.020060139797696, 47.397386504538204 ], [ 19.017637362426274, 47.39293120537625 ], [ 19.022403361173076, 47.389441234118159 ], [ 19.029592108518834, 47.390406387168618 ], [ 19.032015539320561, 47.39486160726242 ], [ 19.027249569425567, 47.398351753389996 ], [ 19.020060139797696, 47.397386504538204 ] ] ] } },
{ "type": "Feature", "properties": { "h3": "881e036b4bfffff" }, "geometry": { "type": "Polygon", "coordinates": [ [ [ 19.032015539320561, 47.39486160726242 ], [ 19.029592108518834, 47.390406387168618 ], [ 19.034357501191014, 47.386915772094476 ], [ 19.041546295483577, 47.387880202265144 ], [ 19.043970379440815, 47.392335343173514 ], [ 19.039205016029335, 47.395826133112692 ], [ 19.032015539320561, 47.39486160726242 ] ] ] } },
{ "type": "Feature", "properties": { "h3": "881e036b4dfffff" }, "geometry": { "type": "Polygon", "coordinates": [ [ [ 19.010448662665482, 47.391965329430946 ], [ 19.008026643773732, 47.387509578147863 ], [ 19.012792671038117, 47.384019781751078 ], [ 19.019980688755972, 47.384985561792149 ], [ 19.022403361173076, 47.389441234118159 ], [ 19.017637362426274, 47.39293120537625 ], [ 19.010448662665482, 47.391965329430946 ] ] ] } },
{ "type": "Feature", "properties": { "h3": "881e036b59fffff" }, "geometry": { "type": "Polygon", "coordinates": [ [ [ 19.053584744907898, 47.397753834401271 ], [ 19.051159902592186, 47.393299146037464 ], [ 19.055924659156862, 47.389807712419241 ], [ 19.063114228112639, 47.39077079231231 ], [ 19.065539723213305, 47.395225401262437 ], [ 19.060774996652672, 47.398717009749184 ], [ 19.053584744907898, 47.397753834401271 ] ] ] } },
{ "type": "Feature", "properties": { "h3": "881e036b5bfffff" }, "geometry": { "type": "Polygon", "coordinates": [ [ [ 19.065539723213305, 47.395225401262437 ], [ 19.063114228112639, 47.39077079231231 ], [ 19.067878377467398, 47.387278715147765 ], [ 19.075067991589467, 47.388241072085556 ], [ 19.077494139199871, 47.392695601504848 ], [ 19.072730020257925, 47.396187853533185 ], [ 19.065539723213305, 47.395225401262437 ] ] ] } },
{ "type": "Feature", "properties": { "h3": "881e036b5dfffff" }, "geometry": { "type": "Polygon", "coordinates": [ [ [ 19.043970379440815, 47.392335343173514 ], [ 19.041546295483577, 47.387880202265144 ], [ 19.046311081717768, 47.384388943507425 ], [ 19.053499922319048, 47.385352650813594 ], [ 19.055924659156862, 47.389807712419241 ], [ 19.051159902592186, 47.393299146037464 ], [ 19.043970379440815, 47.392335343173514 ] ] ] } },
{ "type": "Feature", "properties": { "h3": "881e037005fffff" }, "geometry": { "type": "Polygon", "coordinates": [ [ [ 19.11505809479338, 47.608043481740893 ], [ 19.11262287020082, 47.603600913180784 ], [ 19.117398282148706, 47.600116479787367 ], [ 19.124608886477144, 47.601074439760289 ], [ 19.127044766213704, 47.605516927798412 ], [ 19.122269386558113, 47.609001536401649 ], [ 19.11505809479338, 47.608043481740893 ] ] ] } },
{ "type": "Feature", "properties": { "h3": "881e037007fffff" }, "geometry": { "type": "Polygon", "coordinates": [ [ [ 19.127044766213704, 47.605516927798412 ], [ 19.124608886477144, 47.601074439760289 ], [ 19.129383685819899, 47.597589360448303 ], [ 19.136594332275205, 47.598546593986008 ], [ 19.139030866877441, 47.602989001385673 ], [ 19.134256100238996, 47.606474255902128 ], [ 19.127044766213704, 47.605516927798412 ] ] ] } },
{ "type": "Feature", "properties": { "h3": "881e037021fffff" }, "geometry": { "type": "Polygon", "coordinates": [ [ [ 19.107753290210585, 47.594714943553036 ], [ 19.105318934727055, 47.590271542590251 ], [ 19.110093798464966, 47.586786813662023 ], [ 19.117302985737883, 47.587745310524951 ], [ 19.119737996282158, 47.592188631071139 ], [ 19.114963164572973, 47.595673535187032 ], [ 19.107753290210585, 47.594714943553036 ] ] ] } },
{ "type": "Feature", "properties": { "h3": "881e037023fffff" }, "geometry": { "type": "Polygon", "coordinates": [ [ [ 19.119737996282158, 47.592188631071139 ], [ 19.117302985737883, 47.587745310524951 ], [ 19.122077237329464, 47.584259935800233 ], [ 19.129286467104954, 47.58521770645536 ], [ 19.131722132431868, 47.58966094646842 ], [ 19.126947913280866, 47.593146496375518 ], [ 19.119737996282158, 47.592188631071139 ] ] ] } },
{ "type": "Feature", "properties": { "h3": "881e037025fffff" }, "geometry": { "type": "Polygon", "coordinates": [ [ [ 19.098109790599672, 47.589312319503428 ], [ 19.095676197139571, 47.584868462377997 ], [ 19.100451092568683, 47.581383908628951 ], [ 19.10765954984689, 47.582343036842197 ], [ 19.110093798464966, 47.586786813662023 ], [ 19.105318934727055, 47.590271542590251 ], [ 19.098109790599672, 47.589312319503428 ] ] ] } },
{ "type": "Feature", "properties": { "h3": "881e037027fffff" }, "geometry": { "type": "Polygon", "coordinates": [ [ [ 19.110093798464966, 47.586786813662023 ], [ 19.10765954984689, 47.582343036842197 ], [ 19.112433833541409, 47.578857837291501 ], [ 19.119642333831273, 47.579816239402632 ], [ 19.122077237329464, 47.584259935800233 ], [ 19.117302985737883, 47.587745310524951 ], [ 19.110093798464966, 47.586786813662023 ] ] ] } },
{ "type": "Feature", "properties": { "h3": "881e037029fffff" }, "geometry": { "type": "Polygon", "coordinates": [ [ [ 19.105412308642507, 47.602642226756473 ], [ 19.102977846308221, 47.598199201745103 ], [ 19.107753290210585, 47.594714943553036 ], [ 19.114963164572973, 47.595673535187032 ], [ 19.117398282148706, 47.600116479787367 ], [ 19.11262287020082, 47.603600913180784 ], [ 19.105412308642507, 47.602642226756473 ] ] ] } },
{ "type": "Feature", "properties": { "h3": "881e03702bfffff" }, "geometry": { "type": "Polygon", "coordinates": [ [ [ 19.117398282148706, 47.600116479787367 ], [ 19.114963164572973, 47.595673535187032 ], [ 19.119737996282158, 47.592188631071139 ], [ 19.126947913280866, 47.593146496375518 ], [ 19.129383685819899, 47.597589360448303 ], [ 19.124608886477144, 47.601074439760289 ], [ 19.117398282148706, 47.600116479787367 ] ] ] } },
{ "type": "Feature", "properties": { "h3": "881e03702dfffff" }, "geometry": { "type": "Polygon", "coordinates": [ [ [ 19.0957680152253, 47.597239883765482 ], [ 19.093334315080469, 47.592796402502664 ], [ 19.098109790599672, 47.589312319503428 ], [ 19.105318934727055, 47.590271542590251 ], [ 19.107753290210585, 47.594714943553036 ], [ 19.102977846308221, 47.598199201745103 ], [ 19.0957680152253, 47.597239883765482 ] ] ] } },
{ "type": "Feature", "properties": { "h3": "881e037031fffff" }, "geometry": { "type": "Polygon", "coordinates": [ [ [ 19.141368518647869, 47.595060868888176 ], [ 19.138932091423854, 47.590618085459404 ], [ 19.143705697651871, 47.587131889893911 ], [ 19.150915697994101, 47.588088302587913 ], [ 19.15335277962474, 47.592531005256241 ], [ 19.148579206586877, 47.596017376007012 ], [ 19.141368518647869, 47.595060868888176 ] ] ] } },
{ "type": "Feature", "properties": { "h3": "881e037035fffff" }, "geometry": { "type": "Polygon", "coordinates": [ [ [ 19.131722132431868, 47.58966094646842 ], [ 19.129286467104954, 47.58521770645536 ], [ 19.13406010618532, 47.581731686066874 ], [ 19.141269377820525, 47.582688730530457 ], [ 19.143705697651871, 47.587131889893911 ], [ 19.138932091423854, 47.590618085459404 ], [ 19.131722132431868, 47.58966094646842 ] ] ] } },
{ "type": "Feature", "properties": { "h3": "881e037037fffff" }, "geometry": { "type": "Polygon", "coordinates": [ [ [ 19.143705697651871, 47.587131889893911 ], [ 19.141269377820525, 47.582688730530457 ], [ 19.146042404025042, 47.57920206461106 ], [ 19.15325171687719, 47.580158382899569 ], [ 19.155688690934571, 47.584601461496973 ], [ 19.150915697994101, 47.588088302587913 ], [ 19.143705697651871, 47.587131889893911 ] ] ] } },
{ "type": "Feature", "properties": { "h3": "881e037039fffff" }, "geometry": { "type": "Polygon", "coordinates": [ [ [ 19.139030866877441, 47.602989001385673 ], [ 19.136594332275205, 47.598546593986008 ], [ 19.141368518647869, 47.595060868888176 ], [ 19.148579206586877, 47.596017376007012 ], [ 19.151016395776303, 47.600459702651804 ], [ 19.146242242519897, 47.603945602948663 ], [ 19.139030866877441, 47.602989001385673 ] ] ] } },
{ "type": "Feature", "properties": { "h3": "881e03703dfffff" }, "geometry": { "type": "Polygon", "coordinates": [ [ [ 19.129383685819899, 47.597589360448303 ], [ 19.126947913280866, 47.593146496375518 ], [ 19.131722132431868, 47.58966094646842 ], [ 19.138932091423854, 47.590618085459404 ], [ 19.141368518647869, 47.595060868888176 ], [ 19.136594332275205, 47.598546593986008 ], [ 19.129383685819899, 47.597589360448303 ] ] ] } },
{ "type": "Feature", "properties": { "h3": "881e037061fffff" }, "geometry": { "type": "Polygon", "coordinates": [ [ [ 19.091083043717461, 47.613092471620327 ], [ 19.088649130247362, 47.608649742365778 ], [ 19.093425766309846, 47.605166601207074 ], [ 19.100636284454655, 47.606126014098749 ], [ 19.103070853625024, 47.610568663064349 ], [ 19.098294249030527, 47.614051979443289 ], [ 19.091083043717461, 47.613092471620327 ] ] ] } },
{ "type": "Feature", "properties": { "h3": "881e037063fffff" }, "geometry": { "type": "Polygon", "coordinates": [ [ [ 19.103070853625024, 47.610568663064349 ], [ 19.100636284454655, 47.606126014098749 ], [ 19.105412308642507, 47.602642226756473 ], [ 19.11262287020082, 47.603600913180784 ], [ 19.11505809479338, 47.608043481740893 ], [ 19.110282102485691, 47.611527444298233 ], [ 19.103070853625024, 47.610568663064349 ] ] ] } },
{ "type": "Feature", "properties": { "h3": "881e037065fffff" }, "geometry": { "type": "Polygon", "coordinates": [ [ [ 19.081438656159488, 47.607689602990995 ], [ 19.079005505141939, 47.603246417507265 ], [ 19.083782172334782, 47.599763451560165 ], [ 19.090991959494982, 47.600723495901249 ], [ 19.093425766309846, 47.605166601207074 ], [ 19.088649130247362, 47.608649742365778 ], [ 19.081438656159488, 47.607689602990995 ] ] ] } },
{ "type": "Feature", "properties": { "h3": "881e037067fffff" }, "geometry": { "type": "Polygon", "coordinates": [ [ [ 19.093425766309846, 47.605166601207074 ], [ 19.090991959494982, 47.600723495901249 ], [ 19.0957680152253, 47.597239883765482 ], [ 19.102977846308221, 47.598199201745103 ], [ 19.105412308642507, 47.602642226756473 ], [ 19.100636284454655, 47.606126014098749 ], [ 19.093425766309846, 47.605166601207074 ] ] ] } },
{ "type": "Feature", "properties": { "h3": "881e03706bfffff" }, "geometry": { "type": "Polygon", "coordinates": [ [ [ 19.10072892502226, 47.618494252268896 ], [ 19.098294249030527, 47.614051979443289 ], [ 19.103070853625024, 47.610568663064349 ], [ 19.110282102485691, 47.611527444298233 ], [ 19.112717434080437, 47.615969636723889 ], [ 19.107940861291748, 47.619453128331656 ], [ 19.10072892502226, 47.618494252268896 ] ] ] } },
{ "type": "Feature", "properties": { "h3": "881e037101fffff" }, "geometry": { "type": "Polygon", "coordinates": [ [ [ 19.057205772884917, 47.575619639901191 ], [ 19.054775120807172, 47.571174335631625 ], [ 19.059550719420518, 47.567690953318035 ], [ 19.066756939923764, 47.568652700131608 ], [ 19.069188247727386, 47.57309792454538 ], [ 19.064412679381888, 47.576581482017467 ], [ 19.057205772884917, 47.575619639901191 ] ] ] } },
{ "type": "Feature", "properties": { "h3": "881e037103fffff" }, "geometry": { "type": "Polygon", "coordinates": [ [ [ 19.069188247727386, 47.57309792454538 ], [ 19.066756939923764, 47.568652700131608 ], [ 19.071531928402742, 47.565168671869053 ], [ 19.078738194085915, 47.566129692882733 ], [ 19.081170157338246, 47.57057483732401 ], [ 19.07639519953873, 47.574059040740167 ], [ 19.069188247727386, 47.57309792454538 ] ] ] } },
{ "type": "Feature", "properties": { "h3": "881e037105fffff" }, "geometry": { "type": "Polygon", "coordinates": [ [ [ 19.047568946126393, 47.570211863002882 ], [ 19.045139055892154, 47.565766103481792 ], [ 19.049914684436462, 47.562282896317981 ], [ 19.057120173364037, 47.563245273541561 ], [ 19.059550719420518, 47.567690953318035 ], [ 19.054775120807172, 47.571174335631625 ], [ 19.047568946126393, 47.570211863002882 ] ] ] } },
{ "type": "Feature", "properties": { "h3": "881e037107fffff" }, "geometry": { "type": "Polygon", "coordinates": [ [ [ 19.059550719420518, 47.567690953318035 ], [ 19.057120173364037, 47.563245273541561 ], [ 19.061895192185542, 47.559761420424017 ], [ 19.069100726801011, 47.560723071953987 ], [ 19.071531928402742, 47.565168671869053 ], [ 19.066756939923764, 47.568652700131608 ], [ 19.059550719420518, 47.567690953318035 ] ] ] } },
{ "type": "Feature", "properties": { "h3": "881e037109fffff" }, "geometry": { "type": "Polygon", "coordinates": [ [ [ 19.054860352442955, 47.583547479965098 ], [ 19.052429594358891, 47.579102551297062 ], [ 19.057205772884917, 47.575619639901191 ], [ 19.064412679381888, 47.576581482017467 ], [ 19.066844093372545, 47.581026330835357 ], [ 19.06206794503964, 47.584509417403197 ], [ 19.054860352442955, 47.583547479965098 ] ] ] } },
{ "type": "Feature", "properties": { "h3": "881e03710bfffff" }, "geometry": { "type": "Polygon", "coordinates": [ [ [ 19.066844093372545, 47.581026330835357 ], [ 19.064412679381888, 47.576581482017467 ], [ 19.069188247727386, 47.57309792454538 ], [ 19.07639519953873, 47.574059040740167 ], [ 19.078827269158747, 47.578503809591176 ], [ 19.074051731418116, 47.581987542230372 ], [ 19.066844093372545, 47.581026330835357 ] ] ] } },
{ "type": "Feature", "properties": { "h3": "881e03710dfffff" }, "geometry": { "type": "Polygon", "coordinates": [ [ [ 19.045222733819035, 47.57813998324405 ], [ 19.042792737744232, 47.573694599235516 ], [ 19.047568946126393, 47.570211863002882 ], [ 19.054775120807172, 47.571174335631625 ], [ 19.057205772884917, 47.575619639901191 ], [ 19.052429594358891, 47.579102551297062 ], [ 19.045222733819035, 47.57813998324405 ] ] ] } },
{ "type": "Feature", "properties": { "h3": "881e037111fffff" }, "geometry": { "type": "Polygon", "coordinates": [ [ [ 19.090809878793266, 47.575979916380156 ], [ 19.088377153821266, 47.571535227612735 ], [ 19.093151500709528, 47.568050378384747 ], [ 19.100358541221667, 47.569010042783091 ], [ 19.102791921268107, 47.573454651350261 ], [ 19.09801760580806, 47.576939675735375 ], [ 19.090809878793266, 47.575979916380156 ] ] ] } },
{ "type": "Feature", "properties": { "h3": "881e037113fffff" }, "geometry": { "type": "Polygon", "coordinates": [ [ [ 19.102791921268107, 47.573454651350261 ], [ 19.100358541221667, 47.569010042783091 ], [ 19.105132276833615, 47.565524547875718 ], [ 19.112339360732346, 47.566483486399505 ], [ 19.114773395575593, 47.570928014649766 ], [ 19.109999691803424, 47.574413684709178 ], [ 19.102791921268107, 47.573454651350261 ] ] ] } },
{ "type": "Feature", "properties": { "h3": "881e037115fffff" }, "geometry": { "type": "Polygon", "coordinates": [ [ [ 19.081170157338246, 47.57057483732401 ], [ 19.078738194085915, 47.566129692882733 ], [ 19.083512572065207, 47.562645018803401 ], [ 19.090718882285838, 47.563605314032742 ], [ 19.093151500709528, 47.568050378384747 ], [ 19.088377153821266, 47.571535227612735 ], [ 19.081170157338246, 47.57057483732401 ] ] ] } },
{ "type": "Feature", "properties": { "h3": "881e037117fffff" }, "geometry": { "type": "Polygon", "coordinates": [ [ [ 19.093151500709528, 47.568050378384747 ], [ 19.090718882285838, 47.563605314032742 ], [ 19.095492649400324, 47.560119994268945 ], [ 19.10269900351603, 47.561079563729599 ], [ 19.105132276833615, 47.565524547875718 ], [ 19.100358541221667, 47.569010042783091 ], [ 19.093151500709528, 47.568050378384747 ] ] ] } },
{ "type": "Feature", "properties": { "h3": "881e037119fffff" }, "geometry": { "type": "Polygon", "coordinates": [ [ [ 19.08846778351587, 47.583908608046698 ], [ 19.086034952010326, 47.579464294958491 ], [ 19.090809878793266, 47.575979916380156 ], [ 19.09801760580806, 47.576939675735375 ], [ 19.100451092568683, 47.581383908628951 ], [ 19.095676197139571, 47.584868462377997 ], [ 19.08846778351587, 47.583908608046698 ] ] ] } },
{ "type": "Feature", "properties": { "h3": "881e03711bfffff" }, "geometry": { "type": "Polygon", "coordinates": [ [ [ 19.100451092568683, 47.581383908628951 ], [ 19.09801760580806, 47.576939675735375 ], [ 19.102791921268107, 47.573454651350261 ], [ 19.109999691803424, 47.574413684709178 ], [ 19.112433833541409, 47.578857837291501 ], [ 19.10765954984689, 47.582343036842197 ], [ 19.100451092568683, 47.581383908628951 ] ] ] } },
{ "type": "Feature", "properties": { "h3": "881e03711dfffff" }, "geometry": { "type": "Polygon", "coordinates": [ [ [ 19.078827269158747, 47.578503809591176 ], [ 19.07639519953873, 47.574059040740167 ], [ 19.081170157338246, 47.57057483732401 ], [ 19.088377153821266, 47.571535227612735 ], [ 19.090809878793266, 47.575979916380156 ], [ 19.086034952010326, 47.579464294958491 ], [ 19.078827269158747, 47.578503809591176 ] ] ] } },
{ "type": "Feature", "properties": { "h3": "881e037121fffff" }, "geometry": { "type": "Polygon", "coordinates": [ [ [ 19.040280142973138, 47.556873753954292 ], [ 19.037851120202632, 47.552427164053029 ], [ 19.042626198699008, 47.548943661199544 ], [ 19.049830270376702, 47.549906573135694 ], [ 19.052259948884984, 47.554353083397814 ], [ 19.047484900057711, 47.557836761378994 ], [ 19.040280142973138, 47.556873753954292 ] ] ] } },
{ "type": "Feature", "properties": { "h3": "881e037123fffff" }, "geometry": { "type": "Polygon", "coordinates": [ [ [ 19.052259948884984, 47.554353083397814 ], [ 19.049830270376702, 47.549906573135694 ], [ 19.054604739607701, 47.546422424451031 ], [ 19.061808857346431, 47.547384610921576 ], [ 19.064239191315721, 47.55183104142769 ], [ 19.059464752165205, 47.555315365235323 ], [ 19.052259948884984, 47.554353083397814 ] ] ] } },
{ "type": "Feature", "properties": { "h3": "881e037125fffff" }, "geometry": { "type": "Polygon", "coordinates": [ [ [ 19.03064709522809, 47.551463526636169 ], [ 19.028218833996174, 47.54701648197296 ], [ 19.032993941825165, 47.543533154238453 ], [ 19.040197281633322, 47.544496696064279 ], [ 19.042626198699008, 47.548943661199544 ], [ 19.037851120202632, 47.552427164053029 ], [ 19.03064709522809, 47.551463526636169 ] ] ] } },
{ "type": "Feature", "properties": { "h3": "881e037127fffff" }, "geometry": { "type": "Polygon", "coordinates": [ [ [ 19.042626198699008, 47.548943661199544 ], [ 19.040197281633322, 47.544496696064279 ], [ 19.044971780608222, 47.54101272249396 ], [ 19.052175166984782, 47.541975538960642 ], [ 19.054604739607701, 47.546422424451031 ], [ 19.049830270376702, 47.549906573135694 ], [ 19.042626198699008, 47.548943661199544 ] ] ] } },
{ "type": "Feature", "properties": { "h3": "881e037129fffff" }, "geometry": { "type": "Polygon", "coordinates": [ [ [ 19.037933613294914, 47.564803000549468 ], [ 19.035504484834572, 47.560356785977028 ], [ 19.040280142973138, 47.556873753954292 ], [ 19.047484900057711, 47.557836761378994 ], [ 19.049914684436462, 47.562282896317981 ], [ 19.045139055892154, 47.565766103481792 ], [ 19.037933613294914, 47.564803000549468 ] ] ] } },
{ "type": "Feature", "properties": { "h3": "881e03712bfffff" }, "geometry": { "type": "Polygon", "coordinates": [ [ [ 19.049914684436462, 47.562282896317981 ], [ 19.047484900057711, 47.557836761378994 ], [ 19.052259948884984, 47.554353083397814 ], [ 19.059464752165205, 47.555315365235323 ], [ 19.061895192185542, 47.559761420424017 ], [ 19.057120173364037, 47.563245273541561 ], [ 19.049914684436462, 47.562282896317981 ] ] ] } },
{ "type": "Feature", "properties": { "h3": "881e03712dfffff" }, "geometry": { "type": "Polygon", "coordinates": [ [ [ 19.028299774587971, 47.559393052950092 ], [ 19.02587140783184, 47.554946383526591 ], [ 19.03064709522809, 47.551463526636169 ], [ 19.037851120202632, 47.552427164053029 ], [ 19.040280142973138, 47.556873753954292 ], [ 19.035504484834572, 47.560356785977028 ], [ 19.028299774587971, 47.559393052950092 ] ] ] } },
{ "type": "Feature", "properties": { "h3": "881e037131fffff" }, "geometry": { "type": "Polygon", "coordinates": [ [ [ 19.073875135534351, 47.557238573014793 ], [ 19.071444040149377, 47.552792597693227 ], [ 19.076217869257871, 47.549307628191265 ], [ 19.083422763002815, 47.550268458900256 ], [ 19.085854513475351, 47.55471435423793 ], [ 19.081080715195387, 47.558199498866557 ], [ 19.073875135534351, 47.557238573014793 ] ] ] } },
{ "type": "Feature", "properties": { "h3": "881e037133fffff" }, "geometry": { "type": "Polygon", "coordinates": [ [ [ 19.085854513475351, 47.55471435423793 ], [ 19.083422763002815, 47.550268458900256 ], [ 19.088195981704253, 47.546782843836283 ], [ 19.095400919718426, 47.547742949004309 ], [ 19.097833325001279, 47.552188764241357 ], [ 19.093060137539698, 47.555674554427014 ], [ 19.085854513475351, 47.55471435423793 ] ] ] } },
{ "type": "Feature", "properties": { "h3": "881e037135fffff" }, "geometry": { "type": "Polygon", "coordinates": [ [ [ 19.064239191315721, 47.55183104142769 ], [ 19.061808857346431, 47.547384610921576 ], [ 19.066582716946694, 47.543899816537781 ], [ 19.073786880104457, 47.544861277557999 ], [ 19.076217869257871, 47.549307628191265 ], [ 19.071444040149377, 47.552792597693227 ], [ 19.064239191315721, 47.55183104142769 ] ] ] } },
{ "type": "Feature", "properties": { "h3": "881e037137fffff" }, "geometry": { "type": "Polygon", "coordinates": [ [ [ 19.076217869257871, 47.549307628191265 ], [ 19.073786880104457, 47.544861277557999 ], [ 19.078560129708922, 47.541375837607283 ], [ 19.085764337643781, 47.542336573192628 ], [ 19.088195981704253, 47.546782843836283 ], [ 19.083422763002815, 47.550268458900256 ], [ 19.076217869257871, 47.549307628191265 ] ] ] } },
{ "type": "Feature", "properties": { "h3": "881e037139fffff" }, "geometry": { "type": "Polygon", "coordinates": [ [ [ 19.071531928402742, 47.565168671869053 ], [ 19.069100726801011, 47.560723071953987 ], [ 19.073875135534351, 47.557238573014793 ], [ 19.081080715195387, 47.558199498866557 ], [ 19.083512572065207, 47.562645018803401 ], [ 19.078738194085915, 47.566129692882733 ], [ 19.071531928402742, 47.565168671869053 ] ] ] } },
{ "type": "Feature", "properties": { "h3": "881e03713bfffff" }, "geometry": { "type": "Polygon", "coordinates": [ [ [ 19.083512572065207, 47.562645018803401 ], [ 19.081080715195387, 47.558199498866557 ], [ 19.085854513475351, 47.55471435423793 ], [ 19.093060137539698, 47.555674554427014 ], [ 19.095492649400324, 47.560119994268945 ], [ 19.090718882285838, 47.563605314032742 ], [ 19.083512572065207, 47.562645018803401 ] ] ] } },
{ "type": "Feature", "properties": { "h3": "881e03713dfffff" }, "geometry": { "type": "Polygon", "coordinates": [ [ [ 19.061895192185542, 47.559761420424017 ], [ 19.059464752165205, 47.555315365235323 ], [ 19.064239191315721, 47.55183104142769 ], [ 19.071444040149377, 47.552792597693227 ], [ 19.073875135534351, 47.557238573014793 ], [ 19.069100726801011, 47.560723071953987 ], [ 19.061895192185542, 47.559761420424017 ] ] ] } },
{ "type": "Feature", "properties": { "h3": "881e037141fffff" }, "geometry": { "type": "Polygon", "coordinates": [ [ [ 19.040528886669073, 47.593993683561983 ], [ 19.03809867895821, 47.589549050862274 ], [ 19.042876047378538, 47.586067256833132 ], [ 19.050083593883421, 47.58702992032952 ], [ 19.052514457958843, 47.591474473301481 ], [ 19.047737119244847, 47.594956442520882 ], [ 19.040528886669073, 47.593993683561983 ] ] ] } },
{ "type": "Feature", "properties": { "h3": "881e037143fffff" }, "geometry": { "type": "Polygon", "coordinates": [ [ [ 19.052514457958843, 47.591474473301481 ], [ 19.050083593883421, 47.58702992032952 ], [ 19.054860352442955, 47.583547479965098 ], [ 19.06206794503964, 47.584509417403197 ], [ 19.064499465202456, 47.588953890530632 ], [ 19.059722736761245, 47.592436506080553 ], [ 19.052514457958843, 47.591474473301481 ] ] ] } },
{ "type": "Feature", "properties": { "h3": "881e037145fffff" }, "geometry": { "type": "Polygon", "coordinates": [ [ [ 19.030891179188185, 47.588585661292576 ], [ 19.028461733748557, 47.584140573274688 ], [ 19.033239131538267, 47.580658954426937 ], [ 19.040445945478197, 47.581622248431763 ], [ 19.042876047378538, 47.586067256833132 ], [ 19.03809867895821, 47.589549050862274 ], [ 19.030891179188185, 47.588585661292576 ] ] ] } },
{ "type": "Feature", "properties": { "h3": "881e037147fffff" }, "geometry": { "type": "Polygon", "coordinates": [ [ [ 19.042876047378538, 47.586067256833132 ], [ 19.040445945478197, 47.581622248431763 ], [ 19.045222733819035, 47.57813998324405 ], [ 19.052429594358891, 47.579102551297062 ], [ 19.054860352442955, 47.583547479965098 ], [ 19.050083593883421, 47.58702992032952 ], [ 19.042876047378538, 47.586067256833132 ] ] ] } },
{ "type": "Feature", "properties": { "h3": "881e037149fffff" }, "geometry": { "type": "Polygon", "coordinates": [ [ [ 19.038181251554732, 47.601919263222612 ], [ 19.035750938048334, 47.597475006318987 ], [ 19.040528886669073, 47.593993683561983 ], [ 19.047737119244847, 47.594956442520882 ], [ 19.050168089296715, 47.59940061970233 ], [ 19.04539017030736, 47.602882117663135 ], [ 19.038181251554732, 47.601919263222612 ] ] ] } },
{ "type": "Feature", "properties": { "h3": "881e03714bfffff" }, "geometry": { "type": "Polygon", "coordinates": [ [ [ 19.050168089296715, 47.59940061970233 ], [ 19.047737119244847, 47.594956442520882 ], [ 19.052514457958843, 47.591474473301481 ], [ 19.059722736761245, 47.592436506080553 ], [ 19.062154363081337, 47.59688060342306 ], [ 19.057377054410843, 47.600362747841515 ], [ 19.050168089296715, 47.59940061970233 ] ] ] } },
{ "type": "Feature", "properties": { "h3": "881e03714dfffff" }, "geometry": { "type": "Polygon", "coordinates": [ [ [ 19.028542752342407, 47.596511521165318 ], [ 19.026113201273116, 47.592066808854689 ], [ 19.030891179188185, 47.588585661292576 ], [ 19.03809867895821, 47.589549050862274 ], [ 19.040528886669073, 47.593993683561983 ], [ 19.035750938048334, 47.597475006318987 ], [ 19.028542752342407, 47.596511521165318 ] ] ] } },
{ "type": "Feature", "properties": { "h3": "881e037151fffff" }, "geometry": { "type": "Polygon", "coordinates": [ [ [ 19.074140071899294, 47.59435921453187 ], [ 19.071707789588331, 47.589915197145032 ], [ 19.076483907391033, 47.58643193539654 ], [ 19.083692276717294, 47.587392515861609 ], [ 19.086125214741632, 47.591836453176072 ], [ 19.08134912780644, 47.595319890113885 ], [ 19.074140071899294, 47.59435921453187 ] ] ] } },
{ "type": "Feature", "properties": { "h3": "881e037153fffff" }, "geometry": { "type": "Polygon", "coordinates": [ [ [ 19.086125214741632, 47.591836453176072 ], [ 19.083692276717294, 47.587392515861609 ], [ 19.08846778351587, 47.583908608046698 ], [ 19.095676197139571, 47.584868462377997 ], [ 19.098109790599672, 47.589312319503428 ], [ 19.093334315080469, 47.592796402502664 ], [ 19.086125214741632, 47.591836453176072 ] ] ] } },
{ "type": "Feature", "properties": { "h3": "881e037155fffff" }, "geometry": { "type": "Polygon", "coordinates": [ [ [ 19.064499465202456, 47.588953890530632 ], [ 19.06206794503964, 47.584509417403197 ], [ 19.066844093372545, 47.581026330835357 ], [ 19.074051731418116, 47.581987542230372 ], [ 19.076483907391033, 47.58643193539654 ], [ 19.071707789588331, 47.589915197145032 ], [ 19.064499465202456, 47.588953890530632 ] ] ] } },
{ "type": "Feature", "properties": { "h3": "881e037157fffff" }, "geometry": { "type": "Polygon", "coordinates": [ [ [ 19.076483907391033, 47.58643193539654 ], [ 19.074051731418116, 47.581987542230372 ], [ 19.078827269158747, 47.578503809591176 ], [ 19.086034952010326, 47.579464294958491 ], [ 19.08846778351587, 47.583908608046698 ], [ 19.083692276717294, 47.587392515861609 ], [ 19.076483907391033, 47.58643193539654 ] ] ] } },
{ "type": "Feature", "properties": { "h3": "881e037159fffff" }, "geometry": { "type": "Polygon", "coordinates": [ [ [ 19.071795762547744, 47.602285646789092 ], [ 19.069363373913585, 47.597842005276028 ], [ 19.074140071899294, 47.59435921453187 ], [ 19.08134912780644, 47.595319890113885 ], [ 19.083782172334782, 47.599763451560165 ], [ 19.079005505141939, 47.603246417507265 ], [ 19.071795762547744, 47.602285646789092 ] ] ] } },
{ "type": "Feature", "properties": { "h3": "881e03715bfffff" }, "geometry": { "type": "Polygon", "coordinates": [ [ [ 19.083782172334782, 47.599763451560165 ], [ 19.08134912780644, 47.595319890113885 ], [ 19.086125214741632, 47.591836453176072 ], [ 19.093334315080469, 47.592796402502664 ], [ 19.0957680152253, 47.597239883765482 ], [ 19.090991959494982, 47.600723495901249 ], [ 19.083782172334782, 47.599763451560165 ] ] ] } },
{ "type": "Feature", "properties": { "h3": "881e03715dfffff" }, "geometry": { "type": "Polygon", "coordinates": [ [ [ 19.062154363081337, 47.59688060342306 ], [ 19.059722736761245, 47.592436506080553 ], [ 19.064499465202456, 47.588953890530632 ], [ 19.071707789588331, 47.589915197145032 ], [ 19.074140071899294, 47.59435921453187 ], [ 19.069363373913585, 47.597842005276028 ], [ 19.062154363081337, 47.59688060342306 ] ] ] } },
{ "type": "Feature", "properties": { "h3": "881e037161fffff" }, "geometry": { "type": "Polygon", "coordinates": [ [ [ 19.023603710635491, 47.575249566492019 ], [ 19.021175132876177, 47.570803647832257 ], [ 19.025951979769037, 47.567321732971543 ], [ 19.033157375393415, 47.568285561627597 ], [ 19.035586609528558, 47.572731400776476 ], [ 19.030809791743359, 47.576213490796277 ], [ 19.023603710635491, 47.575249566492019 ] ] ] } },
{ "type": "Feature", "properties": { "h3": "881e037163fffff" }, "geometry": { "type": "Polygon", "coordinates": [ [ [ 19.035586609528558, 47.572731400776476 ], [ 19.033157375393415, 47.568285561627597 ], [ 19.037933613294914, 47.564803000549468 ], [ 19.045139055892154, 47.565766103481792 ], [ 19.047568946126393, 47.570211863002882 ], [ 19.042792737744232, 47.573694599235516 ], [ 19.035586609528558, 47.572731400776476 ] ] ] } },
{ "type": "Feature", "properties": { "h3": "881e037165fffff" }, "geometry": { "type": "Polygon", "coordinates": [ [ [ 19.013969784867211, 47.569839093437693 ], [ 19.011541969073612, 47.565392719949102 ], [ 19.016318844737491, 47.561910980238579 ], [ 19.023523507503779, 47.562875438882557 ], [ 19.025951979769037, 47.567321732971543 ], [ 19.021175132876177, 47.570803647832257 ], [ 19.013969784867211, 47.569839093437693 ] ] ] } },
{ "type": "Feature", "properties": { "h3": "881e037167fffff" }, "geometry": { "type": "Polygon", "coordinates": [ [ [ 19.025951979769037, 47.567321732971543 ], [ 19.023523507503779, 47.562875438882557 ], [ 19.028299774587971, 47.559393052950092 ], [ 19.035504484834572, 47.560356785977028 ], [ 19.037933613294914, 47.564803000549468 ], [ 19.033157375393415, 47.568285561627597 ], [ 19.025951979769037, 47.567321732971543 ] ] ] } },
{ "type": "Feature", "properties": { "h3": "881e037169fffff" }, "geometry": { "type": "Polygon", "coordinates": [ [ [ 19.021254967051441, 47.58317655330319 ], [ 19.018826283813194, 47.578731010167274 ], [ 19.023603710635491, 47.575249566492019 ], [ 19.030809791743359, 47.576213490796277 ], [ 19.033239131538267, 47.580658954426937 ], [ 19.028461733748557, 47.584140573274688 ], [ 19.021254967051441, 47.58317655330319 ] ] ] } },
{ "type": "Feature", "properties": { "h3": "881e03716bfffff" }, "geometry": { "type": "Polygon", "coordinates": [ [ [ 19.033239131538267, 47.580658954426937 ], [ 19.030809791743359, 47.576213490796277 ], [ 19.035586609528558, 47.572731400776476 ], [ 19.042792737744232, 47.573694599235516 ], [ 19.045222733819035, 47.57813998324405 ], [ 19.040445945478197, 47.581622248431763 ], [ 19.033239131538267, 47.580658954426937 ] ] ] } },
{ "type": "Feature", "properties": { "h3": "881e03716dfffff" }, "geometry": { "type": "Polygon", "coordinates": [ [ [ 19.011620250455916, 47.577766360003068 ], [ 19.009192329349062, 47.573320361949371 ], [ 19.013969784867211, 47.569839093437693 ], [ 19.021175132876177, 47.570803647832257 ], [ 19.023603710635491, 47.575249566492019 ], [ 19.018826283813194, 47.578731010167274 ], [ 19.011620250455916, 47.577766360003068 ] ] ] } },
{ "type": "Feature", "properties": { "h3": "881e037181fffff" }, "geometry": { "type": "Polygon", "coordinates": [ [ [ 19.141071191650568, 47.557938828415708 ], [ 19.138635955317454, 47.553494085587062 ], [ 19.143407275325718, 47.550006184411806 ], [ 19.150613798599469, 47.550962850958733 ], [ 19.153049688715267, 47.555407513115149 ], [ 19.148278401854878, 47.558895589412856 ], [ 19.141071191650568, 47.557938828415708 ] ] ] } },
{ "type": "Feature", "properties": { "h3": "881e037183fffff" }, "geometry": { "type": "Polygon", "coordinates": [ [ [ 19.153049688715267, 47.555407513115149 ], [ 19.150613798599469, 47.550962850958733 ], [ 19.155384505920534, 47.547474304763 ], [ 19.162591069878605, 47.548430245622697 ], [ 19.165027613498975, 47.552874826990397 ], [ 19.160256939736961, 47.556363548303089 ], [ 19.153049688715267, 47.555407513115149 ] ] ] } },
{ "type": "Feature", "properties": { "h3": "881e037185fffff" }, "geometry": { "type": "Polygon", "coordinates": [ [ [ 19.131429473370037, 47.552536693336229 ], [ 19.128994998201971, 47.548091494479053 ], [ 19.1337663510208, 47.544603768418149 ], [ 19.14097214627731, 47.545561066116072 ], [ 19.143407275325718, 47.550006184411806 ], [ 19.138635955317454, 47.553494085587062 ], [ 19.131429473370037, 47.552536693336229 ] ] ] } },
{ "type": "Feature", "properties": { "h3": "881e037187fffff" }, "geometry": { "type": "Polygon", "coordinates": [ [ [ 19.143407275325718, 47.550006184411806 ], [ 19.14097214627731, 47.545561066116072 ], [ 19.14574288682001, 47.542072695029233 ], [ 19.152948723269699, 47.543029267145222 ], [ 19.155384505920534, 47.547474304763 ], [ 19.150613798599469, 47.550962850958733 ], [ 19.143407275325718, 47.550006184411806 ] ] ] } },
{ "type": "Feature", "properties": { "h3": "881e037189fffff" }, "geometry": { "type": "Polygon", "coordinates": [ [ [ 19.138734635659127, 47.565870626832002 ], [ 19.136299292055778, 47.561426259565245 ], [ 19.141071191650568, 47.557938828415708 ], [ 19.148278401854878, 47.558895589412856 ], [ 19.150714399421258, 47.563339876013082 ], [ 19.145942532900513, 47.56682748229867 ], [ 19.138734635659127, 47.565870626832002 ] ] ] } },
{ "type": "Feature", "properties": { "h3": "881e03718bfffff" }, "geometry": { "type": "Polygon", "coordinates": [ [ [ 19.150714399421258, 47.563339876013082 ], [ 19.148278401854878, 47.558895589412856 ], [ 19.153049688715267, 47.555407513115149 ], [ 19.160256939736961, 47.556363548303089 ], [ 19.162693590988162, 47.560807754120297 ], [ 19.157922337613112, 47.564296005548556 ], [ 19.150714399421258, 47.563339876013082 ] ] ] } },
{ "type": "Feature", "properties": { "h3": "881e03718dfffff" }, "geometry": { "type": "Polygon", "coordinates": [ [ [ 19.129092123311022, 47.56046877274224 ], [ 19.1266575410386, 47.556023949357879 ], [ 19.131429473370037, 47.552536693336229 ], [ 19.138635955317454, 47.553494085587062 ], [ 19.141071191650568, 47.557938828415708 ], [ 19.136299292055778, 47.561426259565245 ], [ 19.129092123311022, 47.56046877274224 ] ] ] } },
{ "type": "Feature", "properties": { "h3": "881e037195fffff" }, "geometry": { "type": "Polygon", "coordinates": [ [ [ 19.165027613498975, 47.552874826990397 ], [ 19.162591069878605, 47.548430245622697 ], [ 19.16736116414862, 47.54494105453972 ], [ 19.174567768149164, 47.545896269729056 ], [ 19.177004964995803, 47.550340770191589 ], [ 19.172234904695923, 47.553830136385919 ], [ 19.165027613498975, 47.552874826990397 ] ] ] } },
{ "type": "Feature", "properties": { "h3": "881e037197fffff" }, "geometry": { "type": "Polygon", "coordinates": [ [ [ 19.177004964995803, 47.550340770191589 ], [ 19.174567768149164, 47.545896269729056 ], [ 19.179337249004501, 47.542406433892239 ], [ 19.186543892405652, 47.543360923428288 ], [ 19.188981742200159, 47.547805342869282 ], [ 19.184212295725978, 47.551295353811732 ], [ 19.177004964995803, 47.550340770191589 ] ] ] } },
{ "type": "Feature", "properties": { "h3": "881e037199fffff" }, "geometry": { "type": "Polygon", "coordinates": [ [ [ 19.172338981942676, 47.566206907019527 ], [ 19.169901569488204, 47.561763157741332 ], [ 19.174672209353631, 47.558274261303694 ], [ 19.181880227519613, 47.559228939027264 ], [ 19.184318293282391, 47.563672607295317 ], [ 19.179547687651219, 47.567161678865894 ], [ 19.172338981942676, 47.566206907019527 ] ] ] } },
{ "type": "Feature", "properties": { "h3": "881e03719dfffff" }, "geometry": { "type": "Polygon", "coordinates": [ [ [ 19.162693590988162, 47.560807754120297 ], [ 19.160256939736961, 47.556363548303089 ], [ 19.165027613498975, 47.552874826990397 ], [ 19.172234904695923, 47.553830136385919 ], [ 19.174672209353631, 47.558274261303694 ], [ 19.169901569488204, 47.561763157741332 ], [ 19.162693590988162, 47.560807754120297 ] ] ] } },
{ "type": "Feature", "properties": { "h3": "881e0371a1fffff" }, "geometry": { "type": "Polygon", "coordinates": [ [ [ 19.12412691600138, 47.539200265542206 ], [ 19.121693308883209, 47.534754235567746 ], [ 19.126464114857601, 47.53126621467446 ], [ 19.133668495482969, 47.532224048678927 ], [ 19.136102756398724, 47.536669998197034 ], [ 19.131331982971616, 47.540158194183022 ], [ 19.12412691600138, 47.539200265542206 ] ] ] } },
{ "type": "Feature", "properties": { "h3": "881e0371a3fffff" }, "geometry": { "type": "Polygon", "coordinates": [ [ [ 19.136102756398724, 47.536669998197034 ], [ 19.133668495482969, 47.532224048678927 ], [ 19.138438689639209, 47.528735382882076 ], [ 19.145643111833145, 47.529692491531954 ], [ 19.148078026268792, 47.534138360477108 ], [ 19.143307865070756, 47.537627201361303 ], [ 19.136102756398724, 47.536669998197034 ] ] ] } },
{ "type": "Feature", "properties": { "h3": "881e0371a5fffff" }, "geometry": { "type": "Polygon", "coordinates": [ [ [ 19.114488970467967, 47.533795676192234 ], [ 19.112056124212426, 47.529349190678516 ], [ 19.116826962397177, 47.52586134486981 ], [ 19.124030614707177, 47.526819809506271 ], [ 19.126464114857601, 47.53126621467446 ], [ 19.121693308883209, 47.534754235567746 ], [ 19.114488970467967, 47.533795676192234 ] ] ] } },
{ "type": "Feature", "properties": { "h3": "881e0371a7fffff" }, "geometry": { "type": "Polygon", "coordinates": [ [ [ 19.126464114857601, 47.53126621467446 ], [ 19.124030614707177, 47.526819809506271 ], [ 19.128800841484615, 47.523331318788685 ], [ 19.136004535871379, 47.524289058176016 ], [ 19.138438689639209, 47.528735382882076 ], [ 19.133668495482969, 47.532224048678927 ], [ 19.126464114857601, 47.53126621467446 ] ] ] } },
{ "type": "Feature", "properties": { "h3": "881e0371a9fffff" }, "geometry": { "type": "Polygon", "coordinates": [ [ [ 19.121789244780505, 47.54713347118264 ], [ 19.119355530709193, 47.54268781649693 ], [ 19.12412691600138, 47.539200265542206 ], [ 19.131331982971616, 47.540158194183022 ], [ 19.1337663510208, 47.544603768418149 ], [ 19.128994998201971, 47.548091494479053 ], [ 19.121789244780505, 47.54713347118264 ] ] ] } },
{ "type": "Feature", "properties": { "h3": "881e0371abfffff" }, "geometry": { "type": "Polygon", "coordinates": [ [ [ 19.1337663510208, 47.544603768418149 ], [ 19.131331982971616, 47.540158194183022 ], [ 19.136102756398724, 47.536669998197034 ], [ 19.143307865070756, 47.537627201361303 ], [ 19.14574288682001, 47.542072695029233 ], [ 19.14097214627731, 47.545561066116072 ], [ 19.1337663510208, 47.544603768418149 ] ] ] } },
{ "type": "Feature", "properties": { "h3": "881e0371adfffff" }, "geometry": { "type": "Polygon", "coordinates": [ [ [ 19.112150506082447, 47.541729162363154 ], [ 19.109717553039474, 47.537283052048942 ], [ 19.114488970467967, 47.533795676192234 ], [ 19.121693308883209, 47.534754235567746 ], [ 19.12412691600138, 47.539200265542206 ], [ 19.119355530709193, 47.54268781649693 ], [ 19.112150506082447, 47.541729162363154 ] ] ] } },
{ "type": "Feature", "properties": { "h3": "881e0371b1fffff" }, "geometry": { "type": "Polygon", "coordinates": [ [ [ 19.157718851172373, 47.539540251165619 ], [ 19.155283176000932, 47.535094838181415 ], [ 19.16005272460616, 47.53160535253221 ], [ 19.167257914756828, 47.532561104793352 ], [ 19.169694243072438, 47.537006436977336 ], [ 19.16492472817345, 47.5404960977164 ], [ 19.157718851172373, 47.539540251165619 ] ] ] } },
{ "type": "Feature", "properties": { "h3": "881e0371b3fffff" }, "geometry": { "type": "Polygon", "coordinates": [ [ [ 19.169694243072438, 47.537006436977336 ], [ 19.167257914756828, 47.532561104793352 ], [ 19.172026850405711, 47.529070974512528 ], [ 19.179232080333385, 47.530026001347466 ], [ 19.18166906151502, 47.5344712526148 ], [ 19.176900159983223, 47.537961557979834 ], [ 19.169694243072438, 47.537006436977336 ] ] ] } },
{ "type": "Feature", "properties": { "h3": "881e0371b5fffff" }, "geometry": { "type": "Polygon", "coordinates": [ [ [ 19.148078026268792, 47.534138360477108 ], [ 19.145643111833145, 47.529692491531954 ], [ 19.150412693807429, 47.526203180964636 ], [ 19.157617156928474, 47.527159564276559 ], [ 19.16005272460616, 47.53160535253221 ], [ 19.155283176000932, 47.535094838181415 ], [ 19.148078026268792, 47.534138360477108 ] ] ] } },
{ "type": "Feature", "properties": { "h3": "881e0371b7fffff" }, "geometry": { "type": "Polygon", "coordinates": [ [ [ 19.16005272460616, 47.53160535253221 ], [ 19.157617156928474, 47.527159564276559 ], [ 19.162386126357173, 47.52366960907208 ], [ 19.169590629763974, 47.524625267062888 ], [ 19.172026850405711, 47.529070974512528 ], [ 19.167257914756828, 47.532561104793352 ], [ 19.16005272460616, 47.53160535253221 ] ] ] } },
{ "type": "Feature", "properties": { "h3": "881e0371b9fffff" }, "geometry": { "type": "Polygon", "coordinates": [ [ [ 19.155384505920534, 47.547474304763 ], [ 19.152948723269699, 47.543029267145222 ], [ 19.157718851172373, 47.539540251165619 ], [ 19.16492472817345, 47.5404960977164 ], [ 19.16736116414862, 47.54494105453972 ], [ 19.162591069878605, 47.548430245622697 ], [ 19.155384505920534, 47.547474304763 ] ] ] } },
{ "type": "Feature", "properties": { "h3": "881e0371bbfffff" }, "geometry": { "type": "Polygon", "coordinates": [ [ [ 19.16736116414862, 47.54494105453972 ], [ 19.16492472817345, 47.5404960977164 ], [ 19.169694243072438, 47.537006436977336 ], [ 19.176900159983223, 47.537961557979834 ], [ 19.179337249004501, 47.542406433892239 ], [ 19.174567768149164, 47.545896269729056 ], [ 19.16736116414862, 47.54494105453972 ] ] ] } },
{ "type": "Feature", "properties": { "h3": "881e0371bdfffff" }, "geometry": { "type": "Polygon", "coordinates": [ [ [ 19.14574288682001, 47.542072695029233 ], [ 19.143307865070756, 47.537627201361303 ], [ 19.148078026268792, 47.534138360477108 ], [ 19.155283176000932, 47.535094838181415 ], [ 19.157718851172373, 47.539540251165619 ], [ 19.152948723269699, 47.543029267145222 ], [ 19.14574288682001, 47.542072695029233 ] ] ] } },
{ "type": "Feature", "properties": { "h3": "881e0371c1fffff" }, "geometry": { "type": "Polygon", "coordinates": [ [ [ 19.124416005426301, 47.576330394182861 ], [ 19.121981208988782, 47.571886322028348 ], [ 19.126754300708281, 47.568400006427353 ], [ 19.133962156356823, 47.569357587841793 ], [ 19.136397607215873, 47.573801579451924 ], [ 19.131624548085068, 47.577288070207992 ], [ 19.124416005426301, 47.576330394182861 ] ] ] } },
{ "type": "Feature", "properties": { "h3": "881e0371c3fffff" }, "geometry": { "type": "Polygon", "coordinates": [ [ [ 19.136397607215873, 47.573801579451924 ], [ 19.133962156356823, 47.569357587841793 ], [ 19.138734635659127, 47.565870626832002 ], [ 19.145942532900513, 47.56682748229867 ], [ 19.148378637903008, 47.571271393247926 ], [ 19.143606191600917, 47.574758529407397 ], [ 19.136397607215873, 47.573801579451924 ] ] ] } },
{ "type": "Feature", "properties": { "h3": "881e0371c5fffff" }, "geometry": { "type": "Polygon", "coordinates": [ [ [ 19.114773395575593, 47.570928014649766 ], [ 19.112339360732346, 47.566483486399505 ], [ 19.11711248470311, 47.562997345945277 ], [ 19.124319611346042, 47.563955558610559 ], [ 19.126754300708281, 47.568400006427353 ], [ 19.121981208988782, 47.571886322028348 ], [ 19.114773395575593, 47.570928014649766 ] ] ] } },
{ "type": "Feature", "properties": { "h3": "881e0371c7fffff" }, "geometry": { "type": "Polygon", "coordinates": [ [ [ 19.126754300708281, 47.568400006427353 ], [ 19.124319611346042, 47.563955558610559 ], [ 19.129092123311022, 47.56046877274224 ], [ 19.136299292055778, 47.561426259565245 ], [ 19.138734635659127, 47.565870626832002 ], [ 19.133962156356823, 47.569357587841793 ], [ 19.126754300708281, 47.568400006427353 ] ] ] } },
{ "type": "Feature", "properties": { "h3": "881e0371c9fffff" }, "geometry": { "type": "Polygon", "coordinates": [ [ [ 19.122077237329464, 47.584259935800233 ], [ 19.119642333831273, 47.579816239402632 ], [ 19.124416005426301, 47.576330394182861 ], [ 19.131624548085068, 47.577288070207992 ], [ 19.13406010618532, 47.581731686066874 ], [ 19.129286467104954, 47.58521770645536 ], [ 19.122077237329464, 47.584259935800233 ] ] ] } },
{ "type": "Feature", "properties": { "h3": "881e0371cbfffff" }, "geometry": { "type": "Polygon", "coordinates": [ [ [ 19.13406010618532, 47.581731686066874 ], [ 19.131624548085068, 47.577288070207992 ], [ 19.136397607215873, 47.573801579451924 ], [ 19.143606191600917, 47.574758529407397 ], [ 19.146042404025042, 47.57920206461106 ], [ 19.141269377820525, 47.582688730530457 ], [ 19.13406010618532, 47.581731686066874 ] ] ] } },
{ "type": "Feature", "properties": { "h3": "881e0371cdfffff" }, "geometry": { "type": "Polygon", "coordinates": [ [ [ 19.112433833541409, 47.578857837291501 ], [ 19.109999691803424, 47.574413684709178 ], [ 19.114773395575593, 47.570928014649766 ], [ 19.121981208988782, 47.571886322028348 ], [ 19.124416005426301, 47.576330394182861 ], [ 19.119642333831273, 47.579816239402632 ], [ 19.112433833541409, 47.578857837291501 ] ] ] } },
{ "type": "Feature", "properties": { "h3": "881e0371d1fffff" }, "geometry": { "type": "Polygon", "coordinates": [ [ [ 19.158024129841415, 47.576671071582254 ], [ 19.155587263371689, 47.572227617150268 ], [ 19.160359096480796, 47.5687398357205 ], [ 19.167567762390618, 47.569695333586388 ], [ 19.170005282627535, 47.574138707130281 ], [ 19.165233483267755, 47.57762666371233 ], [ 19.158024129841415, 47.576671071582254 ] ] ] } },
{ "type": "Feature", "properties": { "h3": "881e0371d5fffff" }, "geometry": { "type": "Polygon", "coordinates": [ [ [ 19.148378637903008, 47.571271393247926 ], [ 19.145942532900513, 47.56682748229867 ], [ 19.150714399421258, 47.563339876013082 ], [ 19.157922337613112, 47.564296005548556 ], [ 19.160359096480796, 47.5687398357205 ], [ 19.155587263371689, 47.572227617150268 ], [ 19.148378637903008, 47.571271393247926 ] ] ] } },
{ "type": "Feature", "properties": { "h3": "881e0371d7fffff" }, "geometry": { "type": "Polygon", "coordinates": [ [ [ 19.160359096480796, 47.5687398357205 ], [ 19.157922337613112, 47.564296005548556 ], [ 19.162693590988162, 47.560807754120297 ], [ 19.169901569488204, 47.561763157741332 ], [ 19.172338981942676, 47.566206907019527 ], [ 19.167567762390618, 47.569695333586388 ], [ 19.160359096480796, 47.5687398357205 ] ] ] } },
{ "type": "Feature", "properties": { "h3": "881e0371ddfffff" }, "geometry": { "type": "Polygon", "coordinates": [ [ [ 19.146042404025042, 47.57920206461106 ], [ 19.143606191600917, 47.574758529407397 ], [ 19.148378637903008, 47.571271393247926 ], [ 19.155587263371689, 47.572227617150268 ], [ 19.158024129841415, 47.576671071582254 ], [ 19.15325171687719, 47.580158382899569 ], [ 19.146042404025042, 47.57920206461106 ] ] ] } },
{ "type": "Feature", "properties": { "h3": "881e0371e1fffff" }, "geometry": { "type": "Polygon", "coordinates": [ [ [ 19.107472159400775, 47.557593598413845 ], [ 19.105038992826742, 47.553148238783542 ], [ 19.109811569105215, 47.549661803173379 ], [ 19.117017280049701, 47.550620552084588 ], [ 19.119451101059582, 47.555065831386642 ], [ 19.114678556769249, 47.558552442121744 ], [ 19.107472159400775, 47.557593598413845 ] ] ] } },
{ "type": "Feature", "properties": { "h3": "881e0371e3fffff" }, "geometry": { "type": "Polygon", "coordinates": [ [ [ 19.119451101059582, 47.555065831386642 ], [ 19.117017280049701, 47.550620552084588 ], [ 19.121789244780505, 47.54713347118264 ], [ 19.128994998201971, 47.548091494479053 ], [ 19.131429473370037, 47.552536693336229 ], [ 19.1266575410386, 47.556023949357879 ], [ 19.119451101059582, 47.555065831386642 ] ] ] } },
{ "type": "Feature", "properties": { "h3": "881e0371e5fffff" }, "geometry": { "type": "Polygon", "coordinates": [ [ [ 19.097833325001279, 47.552188764241357 ], [ 19.095400919718426, 47.547742949004309 ], [ 19.100173527647982, 47.544256688510771 ], [ 19.107378509289394, 47.545216068153657 ], [ 19.109811569105215, 47.549661803173379 ], [ 19.105038992826742, 47.553148238783542 ], [ 19.097833325001279, 47.552188764241357 ] ] ] } },
{ "type": "Feature", "properties": { "h3": "881e0371e7fffff" }, "geometry": { "type": "Polygon", "coordinates": [ [ [ 19.109811569105215, 47.549661803173379 ], [ 19.107378509289394, 47.545216068153657 ], [ 19.112150506082447, 47.541729162363154 ], [ 19.119355530709193, 47.54268781649693 ], [ 19.121789244780505, 47.54713347118264 ], [ 19.117017280049701, 47.550620552084588 ], [ 19.109811569105215, 47.549661803173379 ] ] ] } },
{ "type": "Feature", "properties": { "h3": "881e0371e9fffff" }, "geometry": { "type": "Polygon", "coordinates": [ [ [ 19.105132276833615, 47.565524547875718 ], [ 19.10269900351603, 47.561079563729599 ], [ 19.107472159400775, 47.557593598413845 ], [ 19.114678556769249, 47.558552442121744 ], [ 19.11711248470311, 47.562997345945277 ], [ 19.112339360732346, 47.566483486399505 ], [ 19.105132276833615, 47.565524547875718 ] ] ] } },
{ "type": "Feature", "properties": { "h3": "881e0371ebfffff" }, "geometry": { "type": "Polygon", "coordinates": [ [ [ 19.11711248470311, 47.562997345945277 ], [ 19.114678556769249, 47.558552442121744 ], [ 19.119451101059582, 47.555065831386642 ], [ 19.1266575410386, 47.556023949357879 ], [ 19.129092123311022, 47.56046877274224 ], [ 19.124319611346042, 47.563955558610559 ], [ 19.11711248470311, 47.562997345945277 ] ] ] } },
{ "type": "Feature", "properties": { "h3": "881e0371edfffff" }, "geometry": { "type": "Polygon", "coordinates": [ [ [ 19.095492649400324, 47.560119994268945 ], [ 19.093060137539698, 47.555674554427014 ], [ 19.097833325001279, 47.552188764241357 ], [ 19.105038992826742, 47.553148238783542 ], [ 19.107472159400775, 47.557593598413845 ], [ 19.10269900351603, 47.561079563729599 ], [ 19.095492649400324, 47.560119994268945 ] ] ] } },
{ "type": "Feature", "properties": { "h3": "881e037321fffff" }, "geometry": { "type": "Polygon", "coordinates": [ [ [ 19.023844474619807, 47.612360699100662 ], [ 19.021414712336473, 47.607916738487646 ], [ 19.026193850864932, 47.604436533837266 ], [ 19.033402722612632, 47.605400114594012 ], [ 19.035833141899523, 47.609843995607214 ], [ 19.031054032515161, 47.613324375479571 ], [ 19.023844474619807, 47.612360699100662 ] ] ] } },
{ "type": "Feature", "properties": { "h3": "881e037323fffff" }, "geometry": { "type": "Polygon", "coordinates": [ [ [ 19.035833141899523, 47.609843995607214 ], [ 19.033402722612632, 47.605400114594012 ], [ 19.038181251554732, 47.601919263222612 ], [ 19.04539017030736, 47.602882117663135 ], [ 19.047821246320645, 47.60732591895971 ], [ 19.04304274693494, 47.610806945548468 ], [ 19.035833141899523, 47.609843995607214 ] ] ] } },
{ "type": "Feature", "properties": { "h3": "881e037325fffff" }, "geometry": { "type": "Polygon", "coordinates": [ [ [ 19.014205888237214, 47.606952431399947 ], [ 19.011776888652854, 47.602508015402471 ], [ 19.016556055988296, 47.599027985965044 ], [ 19.023764194181094, 47.599992197328284 ], [ 19.026193850864932, 47.604436533837266 ], [ 19.021414712336473, 47.607916738487646 ], [ 19.014205888237214, 47.606952431399947 ] ] ] } },
{ "type": "Feature", "properties": { "h3": "881e037327fffff" }, "geometry": { "type": "Polygon", "coordinates": [ [ [ 19.026193850864932, 47.604436533837266 ], [ 19.023764194181094, 47.599992197328284 ], [ 19.028542752342407, 47.596511521165318 ], [ 19.035750938048334, 47.597475006318987 ], [ 19.038181251554732, 47.601919263222612 ], [ 19.033402722612632, 47.605400114594012 ], [ 19.026193850864932, 47.604436533837266 ] ] ] } },
{ "type": "Feature", "properties": { "h3": "881e037331fffff" }, "geometry": { "type": "Polygon", "coordinates": [ [ [ 19.057462736442375, 47.612731487967714 ], [ 19.055030897852507, 47.608288142478159 ], [ 19.059808786873262, 47.604806469304705 ], [ 19.067018484258025, 47.605767966415399 ], [ 19.069450979200521, 47.610211231960363 ], [ 19.06467312048575, 47.613693080355311 ], [ 19.057462736442375, 47.612731487967714 ] ] ] } },
{ "type": "Feature", "properties": { "h3": "881e037333fffff" }, "geometry": { "type": "Polygon", "coordinates": [ [ [ 19.069450979200521, 47.610211231960363 ], [ 19.067018484258025, 47.605767966415399 ], [ 19.071795762547744, 47.602285646789092 ], [ 19.079005505141939, 47.603246417507265 ], [ 19.081438656159488, 47.607689602990995 ], [ 19.076661408587945, 47.611172097833872 ], [ 19.069450979200521, 47.610211231960363 ] ] ] } },
{ "type": "Feature", "properties": { "h3": "881e037335fffff" }, "geometry": { "type": "Polygon", "coordinates": [ [ [ 19.047821246320645, 47.60732591895971 ], [ 19.04539017030736, 47.602882117663135 ], [ 19.050168089296715, 47.59940061970233 ], [ 19.057377054410843, 47.600362747841515 ], [ 19.059808786873262, 47.604806469304705 ], [ 19.055030897852507, 47.608288142478159 ], [ 19.047821246320645, 47.60732591895971 ] ] ] } },
{ "type": "Feature", "properties": { "h3": "881e037337fffff" }, "geometry": { "type": "Polygon", "coordinates": [ [ [ 19.059808786873262, 47.604806469304705 ], [ 19.057377054410843, 47.600362747841515 ], [ 19.062154363081337, 47.59688060342306 ], [ 19.069363373913585, 47.597842005276028 ], [ 19.071795762547744, 47.602285646789092 ], [ 19.067018484258025, 47.605767966415399 ], [ 19.059808786873262, 47.604806469304705 ] ] ] } },
{ "type": "Feature", "properties": { "h3": "881e03733dfffff" }, "geometry": { "type": "Polygon", "coordinates": [ [ [ 19.045473928894694, 47.61525037086588 ], [ 19.04304274693494, 47.610806945548468 ], [ 19.047821246320645, 47.60732591895971 ], [ 19.055030897852507, 47.608288142478159 ], [ 19.057462736442375, 47.612731487967714 ], [ 19.052684266950337, 47.616212689782749 ], [ 19.045473928894694, 47.61525037086588 ] ] ] } },
{ "type": "Feature", "properties": { "h3": "881e037801fffff" }, "geometry": { "type": "Polygon", "coordinates": [ [ [ 19.006222770176525, 47.482210162322907 ], [ 19.003798183892801, 47.477759053319332 ], [ 19.008569932619583, 47.474273602989761 ], [ 19.015766239270782, 47.475239086674314 ], [ 19.018191480688241, 47.479690116559695 ], [ 19.013419760400303, 47.483175741894797 ], [ 19.006222770176525, 47.482210162322907 ] ] ] } },
{ "type": "Feature", "properties": { "h3": "881e037803fffff" }, "geometry": { "type": "Polygon", "coordinates": [ [ [ 19.018191480688241, 47.479690116559695 ], [ 19.015766239270782, 47.475239086674314 ], [ 19.02053738105981, 47.471752991255443 ], [ 19.027733735496781, 47.472717750736884 ], [ 19.030159631772499, 47.477168701386887 ], [ 19.025388518832578, 47.480654971806914 ], [ 19.018191480688241, 47.479690116559695 ] ] ] } },
{ "type": "Feature", "properties": { "h3": "881e037805fffff" }, "geometry": { "type": "Polygon", "coordinates": [ [ [ 18.996601925667697, 47.476792845416988 ], [ 18.994178099581404, 47.472341283191135 ], [ 18.998949876411803, 47.468856007858513 ], [ 19.006145451304373, 47.469822119770882 ], [ 19.008569932619583, 47.474273602989761 ], [ 19.003798183892801, 47.477759053319332 ], [ 18.996601925667697, 47.476792845416988 ] ] ] } },
{ "type": "Feature", "properties": { "h3": "881e037807fffff" }, "geometry": { "type": "Polygon", "coordinates": [ [ [ 19.008569932619583, 47.474273602989761 ], [ 19.006145451304373, 47.469822119770882 ], [ 19.010916621607215, 47.466336199344646 ], [ 19.018112244790995, 47.46730158716074 ], [ 19.02053738105981, 47.471752991255443 ], [ 19.015766239270782, 47.475239086674314 ], [ 19.008569932619583, 47.474273602989761 ] ] ] } },
{ "type": "Feature", "properties": { "h3": "881e037809fffff" }, "geometry": { "type": "Polygon", "coordinates": [ [ [ 19.003875134142575, 47.490145877133827 ], [ 19.001450442905519, 47.485695142441202 ], [ 19.006222770176525, 47.482210162322907 ], [ 19.013419760400303, 47.483175741894797 ], [ 19.015845106951364, 47.487626397475182 ], [ 19.011072808044204, 47.491111552612004 ], [ 19.003875134142575, 47.490145877133827 ] ] ] } },
{ "type": "Feature", "properties": { "h3": "881e03780bfffff" }, "geometry": { "type": "Polygon", "coordinates": [ [ [ 19.015845106951364, 47.487626397475182 ], [ 19.013419760400303, 47.483175741894797 ], [ 19.018191480688241, 47.479690116559695 ], [ 19.025388518832578, 47.480654971806914 ], [ 19.027814520422027, 47.485105548157897 ], [ 19.023042828908341, 47.48859134850715 ], [ 19.015845106951364, 47.487626397475182 ] ] ] } },
{ "type": "Feature", "properties": { "h3": "881e03780dfffff" }, "geometry": { "type": "Polygon", "coordinates": [ [ [ 18.994253501242738, 47.484728838530003 ], [ 18.991829570368157, 47.48027765052543 ], [ 18.996601925667697, 47.476792845416988 ], [ 19.003798183892801, 47.477759053319332 ], [ 19.006222770176525, 47.482210162322907 ], [ 19.001450442905519, 47.485695142441202 ], [ 18.994253501242738, 47.484728838530003 ] ] ] } },
{ "type": "Feature", "properties": { "h3": "881e037811fffff" }, "geometry": { "type": "Polygon", "coordinates": [ [ [ 19.039783373549156, 47.482583329328754 ], [ 19.037356717196971, 47.478132832324278 ], [ 19.042127222424192, 47.474645916951395 ], [ 19.049324354488462, 47.475609323593957 ], [ 19.051751665327565, 47.480059741134866 ], [ 19.046981189695131, 47.483546831512811 ], [ 19.039783373549156, 47.482583329328754 ] ] ] } },
{ "type": "Feature", "properties": { "h3": "881e037813fffff" }, "geometry": { "type": "Polygon", "coordinates": [ [ [ 19.051751665327565, 47.480059741134866 ], [ 19.049324354488462, 47.475609323593957 ], [ 19.054094251638507, 47.472121763400416 ], [ 19.061291429702347, 47.473084445763384 ], [ 19.063719394752393, 47.477534783723648 ], [ 19.058949527607322, 47.481022518917626 ], [ 19.051751665327565, 47.480059741134866 ] ] ] } },
{ "type": "Feature", "properties": { "h3": "881e037815fffff" }, "geometry": { "type": "Polygon", "coordinates": [ [ [ 19.030159631772499, 47.477168701386887 ], [ 19.027733735496781, 47.472717750736884 ], [ 19.032504269983292, 47.469231010360659 ], [ 19.03970067156585, 47.47019504565386 ], [ 19.042127222424192, 47.474645916951395 ], [ 19.037356717196971, 47.478132832324278 ], [ 19.030159631772499, 47.477168701386887 ] ] ] } },
{ "type": "Feature", "properties": { "h3": "881e037817fffff" }, "geometry": { "type": "Polygon", "coordinates": [ [ [ 19.042127222424192, 47.474645916951395 ], [ 19.03970067156585, 47.47019504565386 ], [ 19.044470598385303, 47.4667076604524 ], [ 19.051667046473323, 47.467670971572453 ], [ 19.054094251638507, 47.472121763400416 ], [ 19.049324354488462, 47.475609323593957 ], [ 19.042127222424192, 47.474645916951395 ] ] ] } },
{ "type": "Feature", "properties": { "h3": "881e037819fffff" }, "geometry": { "type": "Polygon", "coordinates": [ [ [ 19.037439051624869, 47.490519897374227 ], [ 19.035012289793773, 47.486069774758427 ], [ 19.039783373549156, 47.482583329328754 ], [ 19.046981189695131, 47.483546831512811 ], [ 19.049408606193239, 47.487996874670976 ], [ 19.044637551958015, 47.491483495118764 ], [ 19.037439051624869, 47.490519897374227 ] ] ] } },
{ "type": "Feature", "properties": { "h3": "881e03781bfffff" }, "geometry": { "type": "Polygon", "coordinates": [ [ [ 19.049408606193239, 47.487996874670976 ], [ 19.046981189695131, 47.483546831512811 ], [ 19.051751665327565, 47.480059741134866 ], [ 19.058949527607322, 47.481022518917626 ], [ 19.061377598496449, 47.485472482501109 ], [ 19.056607152794491, 47.488959747892544 ], [ 19.049408606193239, 47.487996874670976 ] ] ] } },
{ "type": "Feature", "properties": { "h3": "881e03781dfffff" }, "geometry": { "type": "Polygon", "coordinates": [ [ [ 19.027814520422027, 47.485105548157897 ], [ 19.025388518832578, 47.480654971806914 ], [ 19.030159631772499, 47.477168701386887 ], [ 19.037356717196971, 47.478132832324278 ], [ 19.039783373549156, 47.482583329328754 ], [ 19.035012289793773, 47.486069774758427 ], [ 19.027814520422027, 47.485105548157897 ] ] ] } },
{ "type": "Feature", "properties": { "h3": "881e037821fffff" }, "geometry": { "type": "Polygon", "coordinates": [ [ [ 18.989331312260227, 47.463437331576451 ], [ 18.986908350939796, 47.458984942293469 ], [ 18.991679577264939, 47.455499371826711 ], [ 18.998873737146273, 47.456466015683581 ], [ 19.001297353610472, 47.460918326064871 ], [ 18.996526155128997, 47.464404071507069 ], [ 18.989331312260227, 47.463437331576451 ] ] ] } },
{ "type": "Feature", "properties": { "h3": "881e037823fffff" }, "geometry": { "type": "Polygon", "coordinates": [ [ [ 19.001297353610472, 47.460918326064871 ], [ 18.998873737146273, 47.456466015683581 ], [ 19.003644357399065, 47.452979800246474 ], [ 19.010838565941874, 47.453945720235552 ], [ 19.013262837274766, 47.458397951597846 ], [ 19.008492245275622, 47.461884342006144 ], [ 19.001297353610472, 47.460918326064871 ] ] ] } },
{ "type": "Feature", "properties": { "h3": "881e037825fffff" }, "geometry": { "type": "Polygon", "coordinates": [ [ [ 18.979714240359737, 47.458017574554333 ], [ 18.977292038931587, 47.45356473254089 ], [ 18.98206329276552, 47.450079337040933 ], [ 18.989256720598213, 47.451046608603697 ], [ 18.991679577264939, 47.455499371826711 ], [ 18.986908350939796, 47.458984942293469 ], [ 18.979714240359737, 47.458017574554333 ] ] ] } },
{ "type": "Feature", "properties": { "h3": "881e037827fffff" }, "geometry": { "type": "Polygon", "coordinates": [ [ [ 18.991679577264939, 47.455499371826711 ], [ 18.989256720598213, 47.451046608603697 ], [ 18.994027368769718, 47.447560568129241 ], [ 19.00122084576865, 47.448527115931235 ], [ 19.003644357399065, 47.452979800246474 ], [ 18.998873737146273, 47.456466015683581 ], [ 18.991679577264939, 47.455499371826711 ] ] ] } },
{ "type": "Feature", "properties": { "h3": "881e037829fffff" }, "geometry": { "type": "Polygon", "coordinates": [ [ [ 18.986982573620203, 47.471374447167939 ], [ 18.984559507661277, 47.466922431920814 ], [ 18.989331312260227, 47.463437331576451 ], [ 18.996526155128997, 47.464404071507069 ], [ 18.998949876411803, 47.468856007858513 ], [ 18.994178099581404, 47.472341283191135 ], [ 18.986982573620203, 47.471374447167939 ] ] ] } },
{ "type": "Feature", "properties": { "h3": "881e03782bfffff" }, "geometry": { "type": "Polygon", "coordinates": [ [ [ 18.998949876411803, 47.468856007858513 ], [ 18.996526155128997, 47.464404071507069 ], [ 19.001297353610472, 47.460918326064871 ], [ 19.008492245275622, 47.461884342006144 ], [ 19.010916621607215, 47.466336199344646 ], [ 19.006145451304373, 47.469822119770882 ], [ 18.998949876411803, 47.468856007858513 ] ] ] } },
{ "type": "Feature", "properties": { "h3": "881e03782dfffff" }, "geometry": { "type": "Polygon", "coordinates": [ [ [ 18.977364714228919, 47.46595496798647 ], [ 18.974942408327184, 47.461502499919071 ], [ 18.979714240359737, 47.458017574554333 ], [ 18.986908350939796, 47.458984942293469 ], [ 18.989331312260227, 47.463437331576451 ], [ 18.984559507661277, 47.466922431920814 ], [ 18.977364714228919, 47.46595496798647 ] ] ] } },
{ "type": "Feature", "properties": { "h3": "881e037831fffff" }, "geometry": { "type": "Polygon", "coordinates": [ [ [ 19.02288280820142, 47.463815021772731 ], [ 19.020457777096308, 47.459363243564411 ], [ 19.025227762248434, 47.455876208321953 ], [ 19.032422749586509, 47.456840776328583 ], [ 19.034848435189751, 47.461292475289554 ], [ 19.03007847903632, 47.464779685507281 ], [ 19.02288280820142, 47.463815021772731 ] ] ] } },
{ "type": "Feature", "properties": { "h3": "881e037833fffff" }, "geometry": { "type": "Polygon", "coordinates": [ [ [ 19.034848435189751, 47.461292475289554 ], [ 19.032422749586509, 47.456840776328583 ], [ 19.037192127527121, 47.453353096384063 ], [ 19.044387161741934, 47.454316940445729 ], [ 19.046813501567772, 47.458768560042195 ], [ 19.042044153035757, 47.462256414957501 ], [ 19.034848435189751, 47.461292475289554 ] ] ] } },
{ "type": "Feature", "properties": { "h3": "881e037835fffff" }, "geometry": { "type": "Polygon", "coordinates": [ [ [ 19.013262837274766, 47.458397951597846 ], [ 19.010838565941874, 47.453945720235552 ], [ 19.015608579757533, 47.450458859959959 ], [ 19.022802836322047, 47.451424056095867 ], [ 19.025227762248434, 47.455876208321953 ], [ 19.020457777096308, 47.459363243564411 ], [ 19.013262837274766, 47.458397951597846 ] ] ] } },
{ "type": "Feature", "properties": { "h3": "881e037837fffff" }, "geometry": { "type": "Polygon", "coordinates": [ [ [ 19.025227762248434, 47.455876208321953 ], [ 19.022802836322047, 47.451424056095867 ], [ 19.027572243336071, 47.447936551113749 ], [ 19.034766547282619, 47.448901023411366 ], [ 19.037192127527121, 47.453353096384063 ], [ 19.032422749586509, 47.456840776328583 ], [ 19.025227762248434, 47.455876208321953 ] ] ] } },
{ "type": "Feature", "properties": { "h3": "881e037839fffff" }, "geometry": { "type": "Polygon", "coordinates": [ [ [ 19.02053738105981, 47.471752991255443 ], [ 19.018112244790995, 47.46730158716074 ], [ 19.02288280820142, 47.463815021772731 ], [ 19.03007847903632, 47.464779685507281 ], [ 19.032504269983292, 47.469231010360659 ], [ 19.027733735496781, 47.472717750736884 ], [ 19.02053738105981, 47.471752991255443 ] ] ] } },
{ "type": "Feature", "properties": { "h3": "881e03783bfffff" }, "geometry": { "type": "Polygon", "coordinates": [ [ [ 19.032504269983292, 47.469231010360659 ], [ 19.03007847903632, 47.464779685507281 ], [ 19.034848435189751, 47.461292475289554 ], [ 19.042044153035757, 47.462256414957501 ], [ 19.044470598385303, 47.4667076604524 ], [ 19.03970067156585, 47.47019504565386 ], [ 19.032504269983292, 47.469231010360659 ] ] ] } },
{ "type": "Feature", "properties": { "h3": "881e03783dfffff" }, "geometry": { "type": "Polygon", "coordinates": [ [ [ 19.010916621607215, 47.466336199344646 ], [ 19.008492245275622, 47.461884342006144 ], [ 19.013262837274766, 47.458397951597846 ], [ 19.020457777096308, 47.459363243564411 ], [ 19.02288280820142, 47.463815021772731 ], [ 19.018112244790995, 47.46730158716074 ], [ 19.010916621607215, 47.466336199344646 ] ] ] } },
{ "type": "Feature", "properties": { "h3": "881e037841fffff" }, "geometry": { "type": "Polygon", "coordinates": [ [ [ 18.989555230808293, 47.50059829057934 ], [ 18.987131090402745, 47.496147851304066 ], [ 18.991904603001437, 47.492663986987431 ], [ 18.999102228207004, 47.493630386926391 ], [ 19.001527024382302, 47.498080747212541 ], [ 18.996753539661842, 47.501564786564948 ], [ 18.989555230808293, 47.50059829057934 ] ] ] } },
{ "type": "Feature", "properties": { "h3": "881e037843fffff" }, "geometry": { "type": "Polygon", "coordinates": [ [ [ 19.001527024382302, 47.498080747212541 ], [ 18.999102228207004, 47.493630386926391 ], [ 19.003875134142575, 47.490145877133827 ], [ 19.011072808044204, 47.491111552612004 ], [ 19.013498259713746, 47.495561833791839 ], [ 19.008725382066999, 47.499046518615891 ], [ 19.001527024382302, 47.498080747212541 ] ] ] } },
{ "type": "Feature", "properties": { "h3": "881e037845fffff" }, "geometry": { "type": "Polygon", "coordinates": [ [ [ 18.979933514533951, 47.495180726889906 ], [ 18.977510134750947, 47.490729834324434 ], [ 18.982283674892546, 47.487246145034803 ], [ 18.989480567353755, 47.488213173299762 ], [ 18.991904603001437, 47.492663986987431 ], [ 18.987131090402745, 47.496147851304066 ], [ 18.979933514533951, 47.495180726889906 ] ] ] } },
{ "type": "Feature", "properties": { "h3": "881e037847fffff" }, "geometry": { "type": "Polygon", "coordinates": [ [ [ 18.991904603001437, 47.492663986987431 ], [ 18.989480567353755, 47.488213173299762 ], [ 18.994253501242738, 47.484728838530003 ], [ 19.001450442905519, 47.485695142441202 ], [ 19.003875134142575, 47.490145877133827 ], [ 18.999102228207004, 47.493630386926391 ], [ 18.991904603001437, 47.492663986987431 ] ] ] } },
{ "type": "Feature", "properties": { "h3": "881e037849fffff" }, "geometry": { "type": "Polygon", "coordinates": [ [ [ 18.987205384527769, 47.508531749095937 ], [ 18.984781139379542, 47.504081684328483 ], [ 18.989555230808293, 47.50059829057934 ], [ 18.996753539661842, 47.501564786564948 ], [ 18.99917844076019, 47.506014772349168 ], [ 18.994404377134469, 47.509498341147108 ], [ 18.987205384527769, 47.508531749095937 ] ] ] } },
{ "type": "Feature", "properties": { "h3": "881e03784bfffff" }, "geometry": { "type": "Polygon", "coordinates": [ [ [ 18.99917844076019, 47.506014772349168 ], [ 18.996753539661842, 47.501564786564948 ], [ 19.001527024382302, 47.498080747212541 ], [ 19.008725382066999, 47.499046518615891 ], [ 19.011150938839933, 47.503496425299701 ], [ 19.006377482333214, 47.506980639696629 ], [ 18.99917844076019, 47.506014772349168 ] ] ] } },
{ "type": "Feature", "properties": { "h3": "881e03784dfffff" }, "geometry": { "type": "Polygon", "coordinates": [ [ [ 18.977582879998099, 47.503114463746272 ], [ 18.975159395637593, 47.498663945599098 ], [ 18.979933514533951, 47.495180726889906 ], [ 18.987131090402745, 47.496147851304066 ], [ 18.989555230808293, 47.50059829057934 ], [ 18.984781139379542, 47.504081684328483 ], [ 18.977582879998099, 47.503114463746272 ] ] ] } },
{ "type": "Feature", "properties": { "h3": "881e037851fffff" }, "geometry": { "type": "Polygon", "coordinates": [ [ [ 19.023122877760585, 47.500976708093695 ], [ 19.020696665588698, 47.496526880627457 ], [ 19.025468935796543, 47.493041550463502 ], [ 19.032667389220943, 47.494005872746136 ], [ 19.035094256515965, 47.498455620877721 ], [ 19.030322015343071, 47.501941126077391 ], [ 19.023122877760585, 47.500976708093695 ] ] ] } },
{ "type": "Feature", "properties": { "h3": "881e037853fffff" }, "geometry": { "type": "Polygon", "coordinates": [ [ [ 19.035094256515965, 47.498455620877721 ], [ 19.032667389220943, 47.494005872746136 ], [ 19.037439051624869, 47.490519897374227 ], [ 19.044637551958015, 47.491483495118764 ], [ 19.047065074100225, 47.495933163798625 ], [ 19.042293441141773, 47.499419314201731 ], [ 19.035094256515965, 47.498455620877721 ] ] ] } },
{ "type": "Feature", "properties": { "h3": "881e037855fffff" }, "geometry": { "type": "Polygon", "coordinates": [ [ [ 19.013498259713746, 47.495561833791839 ], [ 19.011072808044204, 47.491111552612004 ], [ 19.015845106951364, 47.487626397475182 ], [ 19.023042828908341, 47.48859134850715 ], [ 19.025468935796543, 47.493041550463502 ], [ 19.020696665588698, 47.496526880627457 ], [ 19.013498259713746, 47.495561833791839 ] ] ] } },
{ "type": "Feature", "properties": { "h3": "881e037857fffff" }, "geometry": { "type": "Polygon", "coordinates": [ [ [ 19.025468935796543, 47.493041550463502 ], [ 19.023042828908341, 47.48859134850715 ], [ 19.027814520422027, 47.485105548157897 ], [ 19.035012289793773, 47.486069774758427 ], [ 19.037439051624869, 47.490519897374227 ], [ 19.032667389220943, 47.494005872746136 ], [ 19.025468935796543, 47.493041550463502 ] ] ] } },
{ "type": "Feature", "properties": { "h3": "881e037859fffff" }, "geometry": { "type": "Polygon", "coordinates": [ [ [ 19.0207763461787, 47.508911020838624 ], [ 19.018350028738205, 47.504461567957946 ], [ 19.023122877760585, 47.500976708093695 ], [ 19.030322015343071, 47.501941126077391 ], [ 19.032748988086997, 47.506390499629298 ], [ 19.02797616802469, 47.50987553454236 ], [ 19.0207763461787, 47.508911020838624 ] ] ] } },
{ "type": "Feature", "properties": { "h3": "881e03785bfffff" }, "geometry": { "type": "Polygon", "coordinates": [ [ [ 19.032748988086997, 47.506390499629298 ], [ 19.030322015343071, 47.501941126077391 ], [ 19.035094256515965, 47.498455620877721 ], [ 19.042293441141773, 47.499419314201731 ], [ 19.044721068913141, 47.503868608307833 ], [ 19.039948857110979, 47.507354288551781 ], [ 19.032748988086997, 47.506390499629298 ] ] ] } },
{ "type": "Feature", "properties": { "h3": "881e03785dfffff" }, "geometry": { "type": "Polygon", "coordinates": [ [ [ 19.011150938839933, 47.503496425299701 ], [ 19.008725382066999, 47.499046518615891 ], [ 19.013498259713746, 47.495561833791839 ], [ 19.020696665588698, 47.496526880627457 ], [ 19.023122877760585, 47.500976708093695 ], [ 19.018350028738205, 47.504461567957946 ], [ 19.011150938839933, 47.503496425299701 ] ] ] } },
{ "type": "Feature", "properties": { "h3": "881e037861fffff" }, "geometry": { "type": "Polygon", "coordinates": [ [ [ 18.972664240250499, 47.481827221765236 ], [ 18.970241725447465, 47.477375501877269 ], [ 18.97501471423767, 47.473891517126866 ], [ 18.982210190627285, 47.474859077275241 ], [ 18.984633361209479, 47.479310718390792 ], [ 18.979860399702339, 47.482794878146485 ], [ 18.972664240250499, 47.481827221765236 ] ] ] } },
{ "type": "Feature", "properties": { "h3": "881e037863fffff" }, "geometry": { "type": "Polygon", "coordinates": [ [ [ 18.984633361209479, 47.479310718390792 ], [ 18.982210190627285, 47.474859077275241 ], [ 18.986982573620203, 47.471374447167939 ], [ 18.994178099581404, 47.472341283191135 ], [ 18.996601925667697, 47.476792845416988 ], [ 18.991829570368157, 47.48027765052543 ], [ 18.984633361209479, 47.479310718390792 ] ] ] } },
{ "type": "Feature", "properties": { "h3": "881e037865fffff" }, "geometry": { "type": "Polygon", "coordinates": [ [ [ 18.963046299269752, 47.476407217589561 ], [ 18.960624544783474, 47.471955044902991 ], [ 18.965397560521769, 47.468471235149039 ], [ 18.972592303877622, 47.469439423101328 ], [ 18.97501471423767, 47.473891517126866 ], [ 18.970241725447465, 47.477375501877269 ], [ 18.963046299269752, 47.476407217589561 ] ] ] } },
{ "type": "Feature", "properties": { "h3": "881e037867fffff" }, "geometry": { "type": "Polygon", "coordinates": [ [ [ 18.97501471423767, 47.473891517126866 ], [ 18.972592303877622, 47.469439423101328 ], [ 18.977364714228919, 47.46595496798647 ], [ 18.984559507661277, 47.466922431920814 ], [ 18.986982573620203, 47.471374447167939 ], [ 18.982210190627285, 47.474859077275241 ], [ 18.97501471423767, 47.473891517126866 ] ] ] } },
{ "type": "Feature", "properties": { "h3": "881e037869fffff" }, "geometry": { "type": "Polygon", "coordinates": [ [ [ 18.970313292131966, 47.489762081691474 ], [ 18.967890672901198, 47.485310736036695 ], [ 18.972664240250499, 47.481827221765236 ], [ 18.979860399702339, 47.482794878146485 ], [ 18.982283674892546, 47.487246145034803 ], [ 18.977510134750947, 47.490729834324434 ], [ 18.970313292131966, 47.489762081691474 ] ] ] } },
{ "type": "Feature", "properties": { "h3": "881e03786bfffff" }, "geometry": { "type": "Polygon", "coordinates": [ [ [ 18.982283674892546, 47.487246145034803 ], [ 18.979860399702339, 47.482794878146485 ], [ 18.984633361209479, 47.479310718390792 ], [ 18.991829570368157, 47.48027765052543 ], [ 18.994253501242738, 47.484728838530003 ], [ 18.989480567353755, 47.488213173299762 ], [ 18.982283674892546, 47.487246145034803 ] ] ] } },
{ "type": "Feature", "properties": { "h3": "881e03786dfffff" }, "geometry": { "type": "Polygon", "coordinates": [ [ [ 18.960694563796736, 47.484342355394737 ], [ 18.958272705047747, 47.479890556851693 ], [ 18.963046299269752, 47.476407217589561 ], [ 18.970241725447465, 47.477375501877269 ], [ 18.972664240250499, 47.481827221765236 ], [ 18.967890672901198, 47.485310736036695 ], [ 18.960694563796736, 47.484342355394737 ] ] ] } },
{ "type": "Feature", "properties": { "h3": "881e037881fffff" }, "geometry": { "type": "Polygon", "coordinates": [ [ [ 19.089991960613432, 47.464541089532162 ], [ 19.087562794183665, 47.460090536815017 ], [ 19.092330286693574, 47.456600573636806 ], [ 19.09952691440375, 47.457560988218923 ], [ 19.101956734035895, 47.462011460998575 ], [ 19.097189272835251, 47.465501599149611 ], [ 19.089991960613432, 47.464541089532162 ] ] ] } },
{ "type": "Feature", "properties": { "h3": "881e037883fffff" }, "geometry": { "type": "Polygon", "coordinates": [ [ [ 19.101956734035895, 47.462011460998575 ], [ 19.09952691440375, 47.457560988218923 ], [ 19.104293797426994, 47.454070380878363 ], [ 19.111490468443183, 47.45503007136562 ], [ 19.1139209410013, 47.459480464090895 ], [ 19.109154089697068, 47.462971246399256 ], [ 19.101956734035895, 47.462011460998575 ] ] ] } },
{ "type": "Feature", "properties": { "h3": "881e037885fffff" }, "geometry": { "type": "Polygon", "coordinates": [ [ [ 19.080366210419236, 47.459129398121995 ], [ 19.077937803516839, 47.45467839140494 ], [ 19.082705327000273, 47.451188603191497 ], [ 19.089901226492277, 47.452149646746363 ], [ 19.092330286693574, 47.456600573636806 ], [ 19.087562794183665, 47.460090536815017 ], [ 19.080366210419236, 47.459129398121995 ] ] ] } },
{ "type": "Feature", "properties": { "h3": "881e037887fffff" }, "geometry": { "type": "Polygon", "coordinates": [ [ [ 19.092330286693574, 47.456600573636806 ], [ 19.089901226492277, 47.452149646746363 ], [ 19.094668140898769, 47.448659214365613 ], [ 19.101864084203079, 47.449619533931461 ], [ 19.104293797426994, 47.454070380878363 ], [ 19.09952691440375, 47.457560988218923 ], [ 19.092330286693574, 47.456600573636806 ] ] ] } },
{ "type": "Feature", "properties": { "h3": "881e037889fffff" }, "geometry": { "type": "Polygon", "coordinates": [ [ [ 19.087653162523235, 47.47248076184097 ], [ 19.085223889879742, 47.468030583392903 ], [ 19.089991960613432, 47.464541089532162 ], [ 19.097189272835251, 47.465501599149611 ], [ 19.099619198860974, 47.46995169766619 ], [ 19.094851159362449, 47.473441366512823 ], [ 19.087653162523235, 47.47248076184097 ] ] ] } },
{ "type": "Feature", "properties": { "h3": "881e03788bfffff" }, "geometry": { "type": "Polygon", "coordinates": [ [ [ 19.099619198860974, 47.46995169766619 ], [ 19.097189272835251, 47.465501599149611 ], [ 19.101956734035895, 47.462011460998575 ], [ 19.109154089697068, 47.462971246399256 ], [ 19.111584668828588, 47.467421264867454 ], [ 19.106817239272974, 47.470911577999345 ], [ 19.099619198860974, 47.46995169766619 ] ] ] } },
{ "type": "Feature", "properties": { "h3": "881e03788dfffff" }, "geometry": { "type": "Polygon", "coordinates": [ [ [ 19.078026621737223, 47.467069349542705 ], [ 19.075598108786188, 47.46261871700495 ], [ 19.080366210419236, 47.459129398121995 ], [ 19.087562794183665, 47.460090536815017 ], [ 19.089991960613432, 47.464541089532162 ], [ 19.085223889879742, 47.468030583392903 ], [ 19.078026621737223, 47.467069349542705 ] ] ] } },
{ "type": "Feature", "properties": { "h3": "881e037891fffff" }, "geometry": { "type": "Polygon", "coordinates": [ [ [ 19.123549571422622, 47.464889463594005 ], [ 19.121118339461987, 47.460439525290994 ], [ 19.125884580506568, 47.45694809895847 ], [ 19.133082021126953, 47.457906435974373 ], [ 19.13551390563995, 47.46235629399537 ], [ 19.130747697060066, 47.465847895298424 ], [ 19.123549571422622, 47.464889463594005 ] ] ] } },
{ "type": "Feature", "properties": { "h3": "881e037893fffff" }, "geometry": { "type": "Polygon", "coordinates": [ [ [ 19.13551390563995, 47.46235629399537 ], [ 19.133082021126953, 47.457906435974373 ], [ 19.137847651548899, 47.454414365750949 ], [ 19.145045133689322, 47.455371978599267 ], [ 19.147477670477787, 47.459821756221494 ], [ 19.142712072930262, 47.463314001410133 ], [ 19.13551390563995, 47.46235629399537 ] ] ] } },
{ "type": "Feature", "properties": { "h3": "881e037895fffff" }, "geometry": { "type": "Polygon", "coordinates": [ [ [ 19.1139209410013, 47.459480464090895 ], [ 19.111490468443183, 47.45503007136562 ], [ 19.116256741616517, 47.451538819995733 ], [ 19.123453455299043, 47.452497786404443 ], [ 19.125884580506568, 47.45694809895847 ], [ 19.121118339461987, 47.460439525290994 ], [ 19.1139209410013, 47.459480464090895 ] ] ] } },
{ "type": "Feature", "properties": { "h3": "881e037897fffff" }, "geometry": { "type": "Polygon", "coordinates": [ [ [ 19.125884580506568, 47.45694809895847 ], [ 19.123453455299043, 47.452497786404443 ], [ 19.128219118259373, 47.449005891138434 ], [ 19.135415873968707, 47.449964133484968 ], [ 19.137847651548899, 47.454414365750949 ], [ 19.133082021126953, 47.457906435974373 ], [ 19.125884580506568, 47.45694809895847 ] ] ] } },
{ "type": "Feature", "properties": { "h3": "881e037899fffff" }, "geometry": { "type": "Polygon", "coordinates": [ [ [ 19.121214090872527, 47.472829984834235 ], [ 19.118782752173306, 47.468380420878077 ], [ 19.123549571422622, 47.464889463594005 ], [ 19.130747697060066, 47.465847895298424 ], [ 19.133179688491403, 47.470297378978607 ], [ 19.128412901633073, 47.473788511246326 ], [ 19.121214090872527, 47.472829984834235 ] ] ] } },
{ "type": "Feature", "properties": { "h3": "881e03789bfffff" }, "geometry": { "type": "Polygon", "coordinates": [ [ [ 19.133179688491403, 47.470297378978607 ], [ 19.130747697060066, 47.465847895298424 ], [ 19.13551390563995, 47.46235629399537 ], [ 19.142712072930262, 47.463314001410133 ], [ 19.145144716816745, 47.467763404697585 ], [ 19.140378541037702, 47.471255180978964 ], [ 19.133179688491403, 47.470297378978607 ] ] ] } },
{ "type": "Feature", "properties": { "h3": "881e03789dfffff" }, "geometry": { "type": "Polygon", "coordinates": [ [ [ 19.111584668828588, 47.467421264867454 ], [ 19.109154089697068, 47.462971246399256 ], [ 19.1139209410013, 47.459480464090895 ], [ 19.121118339461987, 47.460439525290994 ], [ 19.123549571422622, 47.464889463594005 ], [ 19.118782752173306, 47.468380420878077 ], [ 19.111584668828588, 47.467421264867454 ] ] ] } },
{ "type": "Feature", "properties": { "h3": "881e0378a1fffff" }, "geometry": { "type": "Polygon", "coordinates": [ [ [ 19.073081855154243, 47.445775550072263 ], [ 19.070654313608696, 47.44132371556254 ], [ 19.075421289775033, 47.437833633077325 ], [ 19.082615776854386, 47.438795210174106 ], [ 19.085043971615356, 47.443246964962064 ], [ 19.080277026161202, 47.446737222391029 ], [ 19.073081855154243, 47.445775550072263 ] ] ] } },
{ "type": "Feature", "properties": { "h3": "881e0378a3fffff" }, "geometry": { "type": "Polygon", "coordinates": [ [ [ 19.085043971615356, 47.443246964962064 ], [ 19.082615776854386, 47.438795210174106 ], [ 19.087382144399566, 47.435304483644643 ], [ 19.09457667566371, 47.436265336980284 ], [ 19.097005523364075, 47.440717011929486 ], [ 19.092239186940613, 47.444207913397797 ], [ 19.085043971615356, 47.443246964962064 ] ] ] } },
{ "type": "Feature", "properties": { "h3": "881e0378a5fffff" }, "geometry": { "type": "Polygon", "coordinates": [ [ [ 19.063459871353437, 47.440361414688795 ], [ 19.061033089032513, 47.435909126670694 ], [ 19.065800095575725, 47.432419219121144 ], [ 19.072993854142574, 47.433381424670067 ], [ 19.075421289775033, 47.437833633077325 ], [ 19.070654313608696, 47.44132371556254 ], [ 19.063459871353437, 47.440361414688795 ] ] ] } },
{ "type": "Feature", "properties": { "h3": "881e0378a7fffff" }, "geometry": { "type": "Polygon", "coordinates": [ [ [ 19.075421289775033, 47.437833633077325 ], [ 19.072993854142574, 47.433381424670067 ], [ 19.077760252474111, 47.429890873071443 ], [ 19.084954055731387, 47.430852354965253 ], [ 19.087382144399566, 47.435304483644643 ], [ 19.082615776854386, 47.438795210174106 ], [ 19.075421289775033, 47.437833633077325 ] ] ] } },
{ "type": "Feature", "properties": { "h3": "881e0378a9fffff" }, "geometry": { "type": "Polygon", "coordinates": [ [ [ 19.070741948476716, 47.453716623845182 ], [ 19.068314301032853, 47.449265163329009 ], [ 19.073081855154243, 47.445775550072263 ], [ 19.080277026161202, 47.446737222391029 ], [ 19.082705327000273, 47.451188603191497 ], [ 19.077937803516839, 47.45467839140494 ], [ 19.070741948476716, 47.453716623845182 ] ] ] } },
{ "type": "Feature", "properties": { "h3": "881e0378abfffff" }, "geometry": { "type": "Polygon", "coordinates": [ [ [ 19.082705327000273, 47.451188603191497 ], [ 19.080277026161202, 47.446737222391029 ], [ 19.085043971615356, 47.443246964962064 ], [ 19.092239186940613, 47.444207913397797 ], [ 19.094668140898769, 47.448659214365613 ], [ 19.089901226492277, 47.452149646746363 ], [ 19.082705327000273, 47.451188603191497 ] ] ] } },
{ "type": "Feature", "properties": { "h3": "881e0378adfffff" }, "geometry": { "type": "Polygon", "coordinates": [ [ [ 19.061119174983666, 47.448302767111464 ], [ 19.058692286929421, 47.443850852996988 ], [ 19.063459871353437, 47.440361414688795 ], [ 19.070654313608696, 47.44132371556254 ], [ 19.073081855154243, 47.445775550072263 ], [ 19.068314301032853, 47.449265163329009 ], [ 19.061119174983666, 47.448302767111464 ] ] ] } },
{ "type": "Feature", "properties": { "h3": "881e0378b1fffff" }, "geometry": { "type": "Polygon", "coordinates": [ [ [ 19.106630389169297, 47.446128457516338 ], [ 19.104200782368228, 47.441677236498137 ], [ 19.108966509397838, 47.438185691123479 ], [ 19.116161811441525, 47.43914519184122 ], [ 19.118592070809182, 47.443596332792886 ], [ 19.113826375646351, 47.447088053109319 ], [ 19.106630389169297, 47.446128457516338 ] ] ] } },
{ "type": "Feature", "properties": { "h3": "881e0378b3fffff" }, "geometry": { "type": "Polygon", "coordinates": [ [ [ 19.118592070809182, 47.443596332792886 ], [ 19.116161811441525, 47.43914519184122 ], [ 19.120926928714255, 47.435653002693378 ], [ 19.128122273158247, 47.436611779576573 ], [ 19.13055318481603, 47.441062840344856 ], [ 19.125788099819488, 47.4445552044293 ], [ 19.118592070809182, 47.443596332792886 ] ] ] } },
{ "type": "Feature", "properties": { "h3": "881e0378b5fffff" }, "geometry": { "type": "Polygon", "coordinates": [ [ [ 19.097005523364075, 47.440717011929486 ], [ 19.09457667566371, 47.436265336980284 ], [ 19.099342434224475, 47.432773966539486 ], [ 19.106537009034174, 47.433734096129996 ], [ 19.108966509397838, 47.438185691123479 ], [ 19.104200782368228, 47.441677236498137 ], [ 19.097005523364075, 47.440717011929486 ] ] ] } },
{ "type": "Feature", "properties": { "h3": "881e0378b7fffff" }, "geometry": { "type": "Polygon", "coordinates": [ [ [ 19.108966509397838, 47.438185691123479 ], [ 19.106537009034174, 47.433734096129996 ], [ 19.111302158247501, 47.430242081910919 ], [ 19.118496775963649, 47.431201487772526 ], [ 19.120926928714255, 47.435653002693378 ], [ 19.116161811441525, 47.43914519184122 ], [ 19.108966509397838, 47.438185691123479 ] ] ] } },
{ "type": "Feature", "properties": { "h3": "881e0378b9fffff" }, "geometry": { "type": "Polygon", "coordinates": [ [ [ 19.104293797426994, 47.454070380878363 ], [ 19.101864084203079, 47.449619533931461 ], [ 19.106630389169297, 47.446128457516338 ], [ 19.113826375646351, 47.447088053109319 ], [ 19.116256741616517, 47.451538819995733 ], [ 19.111490468443183, 47.45503007136562 ], [ 19.104293797426994, 47.454070380878363 ] ] ] } },
{ "type": "Feature", "properties": { "h3": "881e0378bbfffff" }, "geometry": { "type": "Polygon", "coordinates": [ [ [ 19.116256741616517, 47.451538819995733 ], [ 19.113826375646351, 47.447088053109319 ], [ 19.118592070809182, 47.443596332792886 ], [ 19.125788099819488, 47.4445552044293 ], [ 19.128219118259373, 47.449005891138434 ], [ 19.123453455299043, 47.452497786404443 ], [ 19.116256741616517, 47.451538819995733 ] ] ] } },
{ "type": "Feature", "properties": { "h3": "881e0378bdfffff" }, "geometry": { "type": "Polygon", "coordinates": [ [ [ 19.094668140898769, 47.448659214365613 ], [ 19.092239186940613, 47.444207913397797 ], [ 19.097005523364075, 47.440717011929486 ], [ 19.104200782368228, 47.441677236498137 ], [ 19.106630389169297, 47.446128457516338 ], [ 19.101864084203079, 47.449619533931461 ], [ 19.094668140898769, 47.448659214365613 ] ] ] } },
{ "type": "Feature", "properties": { "h3": "881e0378c1fffff" }, "geometry": { "type": "Polygon", "coordinates": [ [ [ 19.073346027529542, 47.482946721012325 ], [ 19.070917302525555, 47.478496837120481 ], [ 19.075686560819044, 47.475008457242964 ], [ 19.082884513445336, 47.475969786269424 ], [ 19.085313892287878, 47.480419590352682 ], [ 19.080544664745332, 47.483908145234096 ], [ 19.073346027529542, 47.482946721012325 ] ] ] } },
{ "type": "Feature", "properties": { "h3": "881e0378c3fffff" }, "geometry": { "type": "Polygon", "coordinates": [ [ [ 19.085313892287878, 47.480419590352682 ], [ 19.082884513445336, 47.475969786269424 ], [ 19.087653162523235, 47.47248076184097 ], [ 19.094851159362449, 47.473441366512823 ], [ 19.097281191767166, 47.477891090670568 ], [ 19.092512573850293, 47.481380290097988 ], [ 19.085313892287878, 47.480419590352682 ] ] ] } },
{ "type": "Feature", "properties": { "h3": "881e0378c5fffff" }, "geometry": { "type": "Polygon", "coordinates": [ [ [ 19.063719394752393, 47.477534783723648 ], [ 19.061291429702347, 47.473084445763384 ], [ 19.066060718410927, 47.469596240881536 ], [ 19.073257941834168, 47.470558198980328 ], [ 19.075686560819044, 47.475008457242964 ], [ 19.070917302525555, 47.478496837120481 ], [ 19.063719394752393, 47.477534783723648 ] ] ] } },
{ "type": "Feature", "properties": { "h3": "881e0378c7fffff" }, "geometry": { "type": "Polygon", "coordinates": [ [ [ 19.075686560819044, 47.475008457242964 ], [ 19.073257941834168, 47.470558198980328 ], [ 19.078026621737223, 47.467069349542705 ], [ 19.085223889879742, 47.468030583392903 ], [ 19.087653162523235, 47.47248076184097 ], [ 19.082884513445336, 47.475969786269424 ], [ 19.075686560819044, 47.475008457242964 ] ] ] } },
{ "type": "Feature", "properties": { "h3": "881e0378c9fffff" }, "geometry": { "type": "Polygon", "coordinates": [ [ [ 19.071005021733459, 47.49088414064046 ], [ 19.068576190725206, 47.486434631215026 ], [ 19.073346027529542, 47.482946721012325 ], [ 19.080544664745332, 47.483908145234096 ], [ 19.082974149772173, 47.488357574856877 ], [ 19.078204343644451, 47.491845660076564 ], [ 19.071005021733459, 47.49088414064046 ] ] ] } },
{ "type": "Feature", "properties": { "h3": "881e0378cbfffff" }, "geometry": { "type": "Polygon", "coordinates": [ [ [ 19.082974149772173, 47.488357574856877 ], [ 19.080544664745332, 47.483908145234096 ], [ 19.085313892287878, 47.480419590352682 ], [ 19.092512573850293, 47.481380290097988 ], [ 19.094942712619282, 47.485829639801224 ], [ 19.090173516163553, 47.489318369694729 ], [ 19.082974149772173, 47.488357574856877 ] ] ] } },
{ "type": "Feature", "properties": { "h3": "881e0378cdfffff" }, "geometry": { "type": "Polygon", "coordinates": [ [ [ 19.061377598496449, 47.485472482501109 ], [ 19.058949527607322, 47.481022518917626 ], [ 19.063719394752393, 47.477534783723648 ], [ 19.070917302525555, 47.478496837120481 ], [ 19.073346027529542, 47.482946721012325 ], [ 19.068576190725206, 47.486434631215026 ], [ 19.061377598496449, 47.485472482501109 ] ] ] } },
{ "type": "Feature", "properties": { "h3": "881e0378d1fffff" }, "geometry": { "type": "Polygon", "coordinates": [ [ [ 19.106910709270345, 47.483300335622133 ], [ 19.104479917035839, 47.478851065955297 ], [ 19.109247924963285, 47.475361222114721 ], [ 19.116446693297995, 47.476320472954981 ], [ 19.118878138721282, 47.480769662468589 ], [ 19.114110162700978, 47.484259681311158 ], [ 19.106910709270345, 47.483300335622133 ] ] ] } },
{ "type": "Feature", "properties": { "h3": "881e0378d3fffff" }, "geometry": { "type": "Polygon", "coordinates": [ [ [ 19.118878138721282, 47.480769662468589 ], [ 19.116446693297995, 47.476320472954981 ], [ 19.121214090872527, 47.472829984834235 ], [ 19.128412901633073, 47.473788511246326 ], [ 19.130844999968257, 47.478237620489942 ], [ 19.126077634710917, 47.481728283607453 ], [ 19.118878138721282, 47.480769662468589 ] ] ] } },
{ "type": "Feature", "properties": { "h3": "881e0378d5fffff" }, "geometry": { "type": "Polygon", "coordinates": [ [ [ 19.097281191767166, 47.477891090670568 ], [ 19.094851159362449, 47.473441366512823 ], [ 19.099619198860974, 47.46995169766619 ], [ 19.106817239272974, 47.470911577999345 ], [ 19.109247924963285, 47.475361222114721 ], [ 19.104479917035839, 47.478851065955297 ], [ 19.097281191767166, 47.477891090670568 ] ] ] } },
{ "type": "Feature", "properties": { "h3": "881e0378d7fffff" }, "geometry": { "type": "Polygon", "coordinates": [ [ [ 19.109247924963285, 47.475361222114721 ], [ 19.106817239272974, 47.470911577999345 ], [ 19.111584668828588, 47.467421264867454 ], [ 19.118782752173306, 47.468380420878077 ], [ 19.121214090872527, 47.472829984834235 ], [ 19.116446693297995, 47.476320472954981 ], [ 19.109247924963285, 47.475361222114721 ] ] ] } },
{ "type": "Feature", "properties": { "h3": "881e0378d9fffff" }, "geometry": { "type": "Polygon", "coordinates": [ [ [ 19.104573021614584, 47.491238605179333 ], [ 19.102142122850498, 47.486789710056627 ], [ 19.106910709270345, 47.483300335622133 ], [ 19.114110162700978, 47.484259681311158 ], [ 19.116541714833755, 47.488708496286577 ], [ 19.111773160247107, 47.492198045736224 ], [ 19.104573021614584, 47.491238605179333 ] ] ] } },
{ "type": "Feature", "properties": { "h3": "881e0378dbfffff" }, "geometry": { "type": "Polygon", "coordinates": [ [ [ 19.116541714833755, 47.488708496286577 ], [ 19.114110162700978, 47.484259681311158 ], [ 19.118878138721282, 47.480769662468589 ], [ 19.126077634710917, 47.481728283607453 ], [ 19.1285098399355, 47.486177018318834 ], [ 19.123741896158563, 47.489667212171369 ], [ 19.116541714833755, 47.488708496286577 ] ] ] } },
{ "type": "Feature", "properties": { "h3": "881e0378ddfffff" }, "geometry": { "type": "Polygon", "coordinates": [ [ [ 19.094942712619282, 47.485829639801224 ], [ 19.092512573850293, 47.481380290097988 ], [ 19.097281191767166, 47.477891090670568 ], [ 19.104479917035839, 47.478851065955297 ], [ 19.106910709270345, 47.483300335622133 ], [ 19.102142122850498, 47.486789710056627 ], [ 19.094942712619282, 47.485829639801224 ] ] ] } },
{ "type": "Feature", "properties": { "h3": "881e0378e1fffff" }, "geometry": { "type": "Polygon", "coordinates": [ [ [ 19.056436365261373, 47.464182941678011 ], [ 19.054009265784977, 47.459731775658703 ], [ 19.058778006331362, 47.456243276178135 ], [ 19.065973816279929, 47.457205767758502 ], [ 19.06840156960731, 47.4616568541852 ], [ 19.063632859214799, 47.465145528640193 ], [ 19.056436365261373, 47.464182941678011 ] ] ] } },
{ "type": "Feature", "properties": { "h3": "881e0378e3fffff" }, "geometry": { "type": "Polygon", "coordinates": [ [ [ 19.06840156960731, 47.4616568541852 ], [ 19.065973816279929, 47.457205767758502 ], [ 19.070741948476716, 47.453716623845182 ], [ 19.077937803516839, 47.45467839140494 ], [ 19.080366210419236, 47.459129398121995 ], [ 19.075598108786188, 47.46261871700495 ], [ 19.06840156960731, 47.4616568541852 ] ] ] } },
{ "type": "Feature", "properties": { "h3": "881e0378e5fffff" }, "geometry": { "type": "Polygon", "coordinates": [ [ [ 19.046813501567772, 47.458768560042195 ], [ 19.044387161741934, 47.454316940445729 ], [ 19.0491559321068, 47.450828615931357 ], [ 19.056351012558626, 47.451791736063299 ], [ 19.058778006331362, 47.456243276178135 ], [ 19.054009265784977, 47.459731775658703 ], [ 19.046813501567772, 47.458768560042195 ] ] ] } },
{ "type": "Feature", "properties": { "h3": "881e0378e7fffff" }, "geometry": { "type": "Polygon", "coordinates": [ [ [ 19.058778006331362, 47.456243276178135 ], [ 19.056351012558626, 47.451791736063299 ], [ 19.061119174983666, 47.448302767111464 ], [ 19.068314301032853, 47.449265163329009 ], [ 19.070741948476716, 47.453716623845182 ], [ 19.065973816279929, 47.457205767758502 ], [ 19.058778006331362, 47.456243276178135 ] ] ] } },
{ "type": "Feature", "properties": { "h3": "881e0378e9fffff" }, "geometry": { "type": "Polygon", "coordinates": [ [ [ 19.054094251638507, 47.472121763400416 ], [ 19.051667046473323, 47.467670971572453 ], [ 19.056436365261373, 47.464182941678011 ], [ 19.063632859214799, 47.465145528640193 ], [ 19.066060718410927, 47.469596240881536 ], [ 19.061291429702347, 47.473084445763384 ], [ 19.054094251638507, 47.472121763400416 ] ] ] } },
{ "type": "Feature", "properties": { "h3": "881e0378ebfffff" }, "geometry": { "type": "Polygon", "coordinates": [ [ [ 19.066060718410927, 47.469596240881536 ], [ 19.063632859214799, 47.465145528640193 ], [ 19.06840156960731, 47.4616568541852 ], [ 19.075598108786188, 47.46261871700495 ], [ 19.078026621737223, 47.467069349542705 ], [ 19.073257941834168, 47.470558198980328 ], [ 19.066060718410927, 47.469596240881536 ] ] ] } },
{ "type": "Feature", "properties": { "h3": "881e0378edfffff" }, "geometry": { "type": "Polygon", "coordinates": [ [ [ 19.044470598385303, 47.4667076604524 ], [ 19.042044153035757, 47.462256414957501 ], [ 19.046813501567772, 47.458768560042195 ], [ 19.054009265784977, 47.459731775658703 ], [ 19.056436365261373, 47.464182941678011 ], [ 19.051667046473323, 47.467670971572453 ], [ 19.044470598385303, 47.4667076604524 ] ] ] } },
{ "type": "Feature", "properties": { "h3": "881e037911fffff" }, "geometry": { "type": "Polygon", "coordinates": [ [ [ 18.972448500306811, 47.444658222118456 ], [ 18.970027163024724, 47.440204553815441 ], [ 18.97479786602954, 47.436718863240436 ], [ 18.981989879146418, 47.437686666039099 ], [ 18.984411871581663, 47.442140255656902 ], [ 18.979641195826215, 47.445626121177327 ], [ 18.972448500306811, 47.444658222118456 ] ] ] } },
{ "type": "Feature", "properties": { "h3": "881e037913fffff" }, "geometry": { "type": "Polygon", "coordinates": [ [ [ 18.984411871581663, 47.442140255656902 ], [ 18.981989879146418, 47.437686666039099 ], [ 18.986759976943468, 47.434200330613024 ], [ 18.993952039596092, 47.435167409879519 ], [ 18.99637468690986, 47.43962092069475 ], [ 18.99160461677187, 47.443107431062117 ], [ 18.984411871581663, 47.442140255656902 ] ] ] } },
{ "type": "Feature", "properties": { "h3": "881e037917fffff" }, "geometry": { "type": "Polygon", "coordinates": [ [ [ 18.97479786602954, 47.436718863240436 ], [ 18.972376633086714, 47.432264821273179 ], [ 18.977146758208306, 47.428778660779834 ], [ 18.984338089027492, 47.429746367337081 ], [ 18.986759976943468, 47.434200330613024 ], [ 18.981989879146418, 47.437686666039099 ], [ 18.97479786602954, 47.436718863240436 ] ] ] } },
{ "type": "Feature", "properties": { "h3": "881e037919fffff" }, "geometry": { "type": "Polygon", "coordinates": [ [ [ 18.970098660904871, 47.452596737203017 ], [ 18.967677219298775, 47.448143442660289 ], [ 18.972448500306811, 47.444658222118456 ], [ 18.979641195826215, 47.445626121177327 ], [ 18.98206329276552, 47.450079337040933 ], [ 18.977292038931587, 47.45356473254089 ], [ 18.970098660904871, 47.452596737203017 ] ] ] } },
{ "type": "Feature", "properties": { "h3": "881e03791bfffff" }, "geometry": { "type": "Polygon", "coordinates": [ [ [ 18.98206329276552, 47.450079337040933 ], [ 18.979641195826215, 47.445626121177327 ], [ 18.984411871581663, 47.442140255656902 ], [ 18.99160461677187, 47.443107431062117 ], [ 18.994027368769718, 47.447560568129241 ], [ 18.989256720598213, 47.451046608603697 ], [ 18.98206329276552, 47.450079337040933 ] ] ] } },
{ "type": "Feature", "properties": { "h3": "881e037931fffff" }, "geometry": { "type": "Polygon", "coordinates": [ [ [ 18.955574330609281, 47.425872840219874 ], [ 18.953154616440511, 47.421417894157756 ], [ 18.95792479520814, 47.417932083503928 ], [ 18.965114661567871, 47.418901044012898 ], [ 18.967535030898599, 47.423355911606336 ], [ 18.962764878786874, 47.426841897175613 ], [ 18.955574330609281, 47.425872840219874 ] ] ] } },
{ "type": "Feature", "properties": { "h3": "881e037933fffff" }, "geometry": { "type": "Polygon", "coordinates": [ [ [ 18.967535030898599, 47.423355911606336 ], [ 18.965114661567871, 47.418901044012898 ], [ 18.969884235991621, 47.41541458862762 ], [ 18.977074152759975, 47.41638282594041 ], [ 18.979495176978446, 47.4208376149477 ], [ 18.974725629620046, 47.424324245244463 ], [ 18.967535030898599, 47.423355911606336 ] ] ] } },
{ "type": "Feature", "properties": { "h3": "881e037935fffff" }, "geometry": { "type": "Polygon", "coordinates": [ [ [ 18.94596480112833, 47.420448210438607 ], [ 18.943545846240905, 47.415992812631188 ], [ 18.948316051330373, 47.412507176884127 ], [ 18.955505185064641, 47.413476764053833 ], [ 18.95792479520814, 47.417932083503928 ], [ 18.953154616440511, 47.421417894157756 ], [ 18.94596480112833, 47.420448210438607 ] ] ] } },
{ "type": "Feature", "properties": { "h3": "881e037937fffff" }, "geometry": { "type": "Polygon", "coordinates": [ [ [ 18.95792479520814, 47.417932083503928 ], [ 18.955505185064641, 47.413476764053833 ], [ 18.960274786219603, 47.409990483571427 ], [ 18.967463970866074, 47.410959347652359 ], [ 18.969884235991621, 47.41541458862762 ], [ 18.965114661567871, 47.418901044012898 ], [ 18.95792479520814, 47.417932083503928 ] ] ] } },
{ "type": "Feature", "properties": { "h3": "881e03793bfffff" }, "geometry": { "type": "Polygon", "coordinates": [ [ [ 18.965185352307465, 47.431296391290978 ], [ 18.962764878786874, 47.426841897175613 ], [ 18.967535030898599, 47.423355911606336 ], [ 18.974725629620046, 47.424324245244463 ], [ 18.977146758208306, 47.428778660779834 ], [ 18.972376633086714, 47.432264821273179 ], [ 18.965185352307465, 47.431296391290978 ] ] ] } },
{ "type": "Feature", "properties": { "h3": "881e037953fffff" }, "geometry": { "type": "Polygon", "coordinates": [ [ [ 18.967748347688332, 47.460534408283401 ], [ 18.965326801773518, 47.45608148759689 ], [ 18.970098660904871, 47.452596737203017 ], [ 18.977292038931587, 47.45356473254089 ], [ 18.979714240359737, 47.458017574554333 ], [ 18.974942408327184, 47.461502499919071 ], [ 18.967748347688332, 47.460534408283401 ] ] ] } },
{ "type": "Feature", "properties": { "h3": "881e037981fffff" }, "geometry": { "type": "Polygon", "coordinates": [ [ [ 19.022642969449816, 47.426636523807282 ], [ 19.020219118262414, 47.422182797309439 ], [ 19.024986820545813, 47.418694058713491 ], [ 19.032178345133548, 47.419658871715768 ], [ 19.03460285019499, 47.424112519053011 ], [ 19.02983517687408, 47.42760143256465 ], [ 19.022642969449816, 47.426636523807282 ] ] ] } },
{ "type": "Feature", "properties": { "h3": "881e037983fffff" }, "geometry": { "type": "Polygon", "coordinates": [ [ [ 19.03460285019499, 47.424112519053011 ], [ 19.032178345133548, 47.419658871715768 ], [ 19.036945440797005, 47.416169488924396 ], [ 19.044137012229527, 47.417133578575076 ], [ 19.046562170889803, 47.421587146634472 ], [ 19.041795104598172, 47.425076704337066 ], [ 19.03460285019499, 47.424112519053011 ] ] ] } },
{ "type": "Feature", "properties": { "h3": "881e037985fffff" }, "geometry": { "type": "Polygon", "coordinates": [ [ [ 19.013027641158288, 47.421217260940523 ], [ 19.010604549014026, 47.416763081849616 ], [ 19.015372279925295, 47.413274518161082 ], [ 19.022563074432348, 47.414239958672098 ], [ 19.024986820545813, 47.418694058713491 ], [ 19.020219118262414, 47.422182797309439 ], [ 19.013027641158288, 47.421217260940523 ] ] ] } },
{ "type": "Feature", "properties": { "h3": "881e037987fffff" }, "geometry": { "type": "Polygon", "coordinates": [ [ [ 19.024986820545813, 47.418694058713491 ], [ 19.022563074432348, 47.414239958672098 ], [ 19.027330199132908, 47.410750750783713 ], [ 19.034521040989269, 47.411715468049778 ], [ 19.036945440797005, 47.416169488924396 ], [ 19.032178345133548, 47.419658871715768 ], [ 19.024986820545813, 47.418694058713491 ] ] ] } },
{ "type": "Feature", "properties": { "h3": "881e037989fffff" }, "geometry": { "type": "Polygon", "coordinates": [ [ [ 19.020298645709875, 47.434578145853742 ], [ 19.017874689463525, 47.430124792995656 ], [ 19.022642969449816, 47.426636523807282 ], [ 19.02983517687408, 47.42760143256465 ], [ 19.032259787174205, 47.432054706268261 ], [ 19.02749153607575, 47.435543150385037 ], [ 19.020298645709875, 47.434578145853742 ] ] ] } },
{ "type": "Feature", "properties": { "h3": "881e03798bfffff" }, "geometry": { "type": "Polygon", "coordinates": [ [ [ 19.032259787174205, 47.432054706268261 ], [ 19.02983517687408, 47.42760143256465 ], [ 19.03460285019499, 47.424112519053011 ], [ 19.041795104598172, 47.425076704337066 ], [ 19.04422036867691, 47.429529898768997 ], [ 19.039452724653312, 47.433018987204591 ], [ 19.032259787174205, 47.432054706268261 ] ] ] } },
{ "type": "Feature", "properties": { "h3": "881e03798dfffff" }, "geometry": { "type": "Polygon", "coordinates": [ [ [ 19.010682529657295, 47.42915916074999 ], [ 19.008259332618891, 47.424705355208786 ], [ 19.013027641158288, 47.421217260940523 ], [ 19.020219118262414, 47.422182797309439 ], [ 19.022642969449816, 47.426636523807282 ], [ 19.017874689463525, 47.430124792995656 ], [ 19.010682529657295, 47.42915916074999 ] ] ] } },
{ "type": "Feature", "properties": { "h3": "881e037991fffff" }, "geometry": { "type": "Polygon", "coordinates": [ [ [ 19.056180389214948, 47.427003723503496 ], [ 19.053754471632963, 47.422550608460433 ], [ 19.058520930531603, 47.41906040669938 ], [ 19.065713276975785, 47.420023145082652 ], [ 19.068139847785609, 47.424476180619699 ], [ 19.063373419002982, 47.427966557295505 ], [ 19.056180389214948, 47.427003723503496 ] ] ] } },
{ "type": "Feature", "properties": { "h3": "881e037993fffff" }, "geometry": { "type": "Polygon", "coordinates": [ [ [ 19.068139847785609, 47.424476180619699 ], [ 19.065713276975785, 47.420023145082652 ], [ 19.070479128118041, 47.416532299395769 ], [ 19.07767151962436, 47.417494314351941 ], [ 19.080098743386422, 47.421947270265875 ], [ 19.075332922769466, 47.425438290862751 ], [ 19.068139847785609, 47.424476180619699 ] ] ] } },
{ "type": "Feature", "properties": { "h3": "881e037995fffff" }, "geometry": { "type": "Polygon", "coordinates": [ [ [ 19.046562170889803, 47.421587146634472 ], [ 19.044137012229527, 47.417133578575076 ], [ 19.04890350090928, 47.413643551720646 ], [ 19.056095118547724, 47.414606918035005 ], [ 19.058520930531603, 47.41906040669938 ], [ 19.053754471632963, 47.422550608460433 ], [ 19.046562170889803, 47.421587146634472 ] ] ] } },
{ "type": "Feature", "properties": { "h3": "881e037997fffff" }, "geometry": { "type": "Polygon", "coordinates": [ [ [ 19.058520930531603, 47.41906040669938 ], [ 19.056095118547724, 47.414606918035005 ], [ 19.060860999880283, 47.411116247250078 ], [ 19.068052663085943, 47.412078890243571 ], [ 19.070479128118041, 47.416532299395769 ], [ 19.065713276975785, 47.420023145082652 ], [ 19.058520930531603, 47.41906040669938 ] ] ] } },
{ "type": "Feature", "properties": { "h3": "881e037999fffff" }, "geometry": { "type": "Polygon", "coordinates": [ [ [ 19.053839375795281, 47.434946197450998 ], [ 19.051413352630039, 47.430493456125483 ], [ 19.056180389214948, 47.427003723503496 ], [ 19.063373419002982, 47.427966557295505 ], [ 19.065800095575725, 47.432419219121144 ], [ 19.061033089032513, 47.435909126670694 ], [ 19.053839375795281, 47.434946197450998 ] ] ] } },
{ "type": "Feature", "properties": { "h3": "881e03799bfffff" }, "geometry": { "type": "Polygon", "coordinates": [ [ [ 19.065800095575725, 47.432419219121144 ], [ 19.063373419002982, 47.427966557295505 ], [ 19.068139847785609, 47.424476180619699 ], [ 19.075332922769466, 47.425438290862751 ], [ 19.077760252474111, 47.429890873071443 ], [ 19.072993854142574, 47.433381424670067 ], [ 19.065800095575725, 47.432419219121144 ] ] ] } },
{ "type": "Feature", "properties": { "h3": "881e03799dfffff" }, "geometry": { "type": "Polygon", "coordinates": [ [ [ 19.04422036867691, 47.429529898768997 ], [ 19.041795104598172, 47.425076704337066 ], [ 19.046562170889803, 47.421587146634472 ], [ 19.053754471632963, 47.422550608460433 ], [ 19.056180389214948, 47.427003723503496 ], [ 19.051413352630039, 47.430493456125483 ], [ 19.04422036867691, 47.429529898768997 ] ] ] } },
{ "type": "Feature", "properties": { "h3": "881e0379a1fffff" }, "geometry": { "type": "Polygon", "coordinates": [ [ [ 19.005759228528952, 47.407853897806547 ], [ 19.003337000102789, 47.403398892960602 ], [ 19.008104181874071, 47.399910034853406 ], [ 19.015293563782706, 47.400876006721724 ], [ 19.017716446093424, 47.405330932623109 ], [ 19.012949292690276, 47.408819965616765 ], [ 19.005759228528952, 47.407853897806547 ] ] ] } },
{ "type": "Feature", "properties": { "h3": "881e0379a3fffff" }, "geometry": { "type": "Polygon", "coordinates": [ [ [ 19.017716446093424, 47.405330932623109 ], [ 19.015293563782706, 47.400876006721724 ], [ 19.020060139797696, 47.397386504538204 ], [ 19.027249569425567, 47.398351753389996 ], [ 19.029673105346166, 47.402806600229468 ], [ 19.024906558108384, 47.406296277295091 ], [ 19.017716446093424, 47.405330932623109 ] ] ] } },
{ "type": "Feature", "properties": { "h3": "881e0379a5fffff" }, "geometry": { "type": "Polygon", "coordinates": [ [ [ 18.99614766655186, 47.402432198060886 ], [ 18.993726196864838, 47.397976741114697 ], [ 18.998493406670004, 47.394488057885582 ], [ 19.005682058207601, 47.395454656740633 ], [ 19.008104181874071, 47.399910034853406 ], [ 19.003337000102789, 47.403398892960602 ], [ 18.99614766655186, 47.402432198060886 ] ] ] } },
{ "type": "Feature", "properties": { "h3": "881e0379a7fffff" }, "geometry": { "type": "Polygon", "coordinates": [ [ [ 19.008104181874071, 47.399910034853406 ], [ 19.005682058207601, 47.395454656740633 ], [ 19.010448662665482, 47.391965329430946 ], [ 19.017637362426274, 47.39293120537625 ], [ 19.020060139797696, 47.397386504538204 ], [ 19.015293563782706, 47.400876006721724 ], [ 19.008104181874071, 47.399910034853406 ] ] ] } },
{ "type": "Feature", "properties": { "h3": "881e0379a9fffff" }, "geometry": { "type": "Polygon", "coordinates": [ [ [ 19.003413802495054, 47.415796918078726 ], [ 19.00099146932433, 47.411342286596046 ], [ 19.005759228528952, 47.407853897806547 ], [ 19.012949292690276, 47.408819965616765 ], [ 19.015372279925295, 47.413274518161082 ], [ 19.010604549014026, 47.416763081849616 ], [ 19.003413802495054, 47.415796918078726 ] ] ] } },
{ "type": "Feature", "properties": { "h3": "881e0379abfffff" }, "geometry": { "type": "Polygon", "coordinates": [ [ [ 19.015372279925295, 47.413274518161082 ], [ 19.012949292690276, 47.408819965616765 ], [ 19.017716446093424, 47.405330932623109 ], [ 19.024906558108384, 47.406296277295091 ], [ 19.027330199132908, 47.410750750783713 ], [ 19.022563074432348, 47.414239958672098 ], [ 19.015372279925295, 47.413274518161082 ] ] ] } },
{ "type": "Feature", "properties": { "h3": "881e0379adfffff" }, "geometry": { "type": "Polygon", "coordinates": [ [ [ 18.993801453655255, 47.41037549563282 ], [ 18.991379879388226, 47.405920411959677 ], [ 18.99614766655186, 47.402432198060886 ], [ 19.003337000102789, 47.403398892960602 ], [ 19.005759228528952, 47.407853897806547 ], [ 19.00099146932433, 47.411342286596046 ], [ 18.993801453655255, 47.41037549563282 ] ] ] } },
{ "type": "Feature", "properties": { "h3": "881e0379b1fffff" }, "geometry": { "type": "Polygon", "coordinates": [ [ [ 19.039287559115348, 47.408225616093837 ], [ 19.036863264576191, 47.403771221778179 ], [ 19.041629205284984, 47.400280900772962 ], [ 19.048819411091564, 47.401244799213586 ], [ 19.051244358870335, 47.40569911423902 ], [ 19.046478447682318, 47.409189610130049 ], [ 19.039287559115348, 47.408225616093837 ] ] ] } },
{ "type": "Feature", "properties": { "h3": "881e0379b3fffff" }, "geometry": { "type": "Polygon", "coordinates": [ [ [ 19.051244358870335, 47.40569911423902 ], [ 19.048819411091564, 47.401244799213586 ], [ 19.053584744907898, 47.397753834401271 ], [ 19.060774996652672, 47.398717009749184 ], [ 19.06320059739588, 47.403171245367176 ], [ 19.058435293509334, 47.406662385060685 ], [ 19.051244358870335, 47.40569911423902 ] ] ] } },
{ "type": "Feature", "properties": { "h3": "881e0379b5fffff" }, "geometry": { "type": "Polygon", "coordinates": [ [ [ 19.029673105346166, 47.402806600229468 ], [ 19.027249569425567, 47.398351753389996 ], [ 19.032015539320561, 47.39486160726242 ], [ 19.039205016029335, 47.395826133112692 ], [ 19.041629205284984, 47.400280900772962 ], [ 19.036863264576191, 47.403771221778179 ], [ 19.029673105346166, 47.402806600229468 ] ] ] } },
{ "type": "Feature", "properties": { "h3": "881e0379b7fffff" }, "geometry": { "type": "Polygon", "coordinates": [ [ [ 19.041629205284984, 47.400280900772962 ], [ 19.039205016029335, 47.395826133112692 ], [ 19.043970379440815, 47.392335343173514 ], [ 19.051159902592186, 47.393299146037464 ], [ 19.053584744907898, 47.397753834401271 ], [ 19.048819411091564, 47.401244799213586 ], [ 19.041629205284984, 47.400280900772962 ] ] ] } },
{ "type": "Feature", "properties": { "h3": "881e0379b9fffff" }, "geometry": { "type": "Polygon", "coordinates": [ [ [ 19.036945440797005, 47.416169488924396 ], [ 19.034521040989269, 47.411715468049778 ], [ 19.039287559115348, 47.408225616093837 ], [ 19.046478447682318, 47.409189610130049 ], [ 19.04890350090928, 47.413643551720646 ], [ 19.044137012229527, 47.417133578575076 ], [ 19.036945440797005, 47.416169488924396 ] ] ] } },
{ "type": "Feature", "properties": { "h3": "881e0379bbfffff" }, "geometry": { "type": "Polygon", "coordinates": [ [ [ 19.04890350090928, 47.413643551720646 ], [ 19.046478447682318, 47.409189610130049 ], [ 19.051244358870335, 47.40569911423902 ], [ 19.058435293509334, 47.406662385060685 ], [ 19.060860999880283, 47.411116247250078 ], [ 19.056095118547724, 47.414606918035005 ], [ 19.04890350090928, 47.413643551720646 ] ] ] } },
{ "type": "Feature", "properties": { "h3": "881e0379bdfffff" }, "geometry": { "type": "Polygon", "coordinates": [ [ [ 19.027330199132908, 47.410750750783713 ], [ 19.024906558108384, 47.406296277295091 ], [ 19.029673105346166, 47.402806600229468 ], [ 19.036863264576191, 47.403771221778179 ], [ 19.039287559115348, 47.408225616093837 ], [ 19.034521040989269, 47.411715468049778 ], [ 19.027330199132908, 47.410750750783713 ] ] ] } },
{ "type": "Feature", "properties": { "h3": "881e0379c1fffff" }, "geometry": { "type": "Polygon", "coordinates": [ [ [ 19.00599088791289, 47.445040430614007 ], [ 19.003567481131366, 47.440587372460705 ], [ 19.008336945287244, 47.437100217378187 ], [ 19.015529787900597, 47.438065945519448 ], [ 19.017953849190846, 47.442518924641625 ], [ 19.013184413438449, 47.446006254669733 ], [ 19.00599088791289, 47.445040430614007 ] ] ] } },
{ "type": "Feature", "properties": { "h3": "881e0379c3fffff" }, "geometry": { "type": "Polygon", "coordinates": [ [ [ 19.017953849190846, 47.442518924641625 ], [ 19.015529787900597, 47.438065945519448 ], [ 19.020298645709875, 47.434578145853742 ], [ 19.02749153607575, 47.435543150385037 ], [ 19.029916251599612, 47.439996050358879 ], [ 19.025147422603471, 47.443484024965791 ], [ 19.017953849190846, 47.442518924641625 ] ] ] } },
{ "type": "Feature", "properties": { "h3": "881e0379c5fffff" }, "geometry": { "type": "Polygon", "coordinates": [ [ [ 18.99637468690986, 47.43962092069475 ], [ 18.993952039596092, 47.435167409879519 ], [ 18.998721531820667, 47.431680429734108 ], [ 19.005913643369709, 47.432646785482873 ], [ 19.008336945287244, 47.437100217378187 ], [ 19.003567481131366, 47.440587372460705 ], [ 18.99637468690986, 47.43962092069475 ] ] ] } },
{ "type": "Feature", "properties": { "h3": "881e0379c7fffff" }, "geometry": { "type": "Polygon", "coordinates": [ [ [ 19.008336945287244, 47.437100217378187 ], [ 19.005913643369709, 47.432646785482873 ], [ 19.010682529657295, 47.42915916074999 ], [ 19.017874689463525, 47.430124792995656 ], [ 19.020298645709875, 47.434578145853742 ], [ 19.015529787900597, 47.438065945519448 ], [ 19.008336945287244, 47.437100217378187 ] ] ] } },
{ "type": "Feature", "properties": { "h3": "881e0379c9fffff" }, "geometry": { "type": "Polygon", "coordinates": [ [ [ 19.003644357399065, 47.452979800246474 ], [ 19.00122084576865, 47.448527115931235 ], [ 19.00599088791289, 47.445040430614007 ], [ 19.013184413438449, 47.446006254669733 ], [ 19.015608579757533, 47.450458859959959 ], [ 19.010838565941874, 47.453945720235552 ], [ 19.003644357399065, 47.452979800246474 ] ] ] } },
{ "type": "Feature", "properties": { "h3": "881e0379cbfffff" }, "geometry": { "type": "Polygon", "coordinates": [ [ [ 19.015608579757533, 47.450458859959959 ], [ 19.013184413438449, 47.446006254669733 ], [ 19.017953849190846, 47.442518924641625 ], [ 19.025147422603471, 47.443484024965791 ], [ 19.027572243336071, 47.447936551113749 ], [ 19.022802836322047, 47.451424056095867 ], [ 19.015608579757533, 47.450458859959959 ] ] ] } },
{ "type": "Feature", "properties": { "h3": "881e0379cdfffff" }, "geometry": { "type": "Polygon", "coordinates": [ [ [ 18.994027368769718, 47.447560568129241 ], [ 18.99160461677187, 47.443107431062117 ], [ 18.99637468690986, 47.43962092069475 ], [ 19.003567481131366, 47.440587372460705 ], [ 19.00599088791289, 47.445040430614007 ], [ 19.00122084576865, 47.448527115931235 ], [ 18.994027368769718, 47.447560568129241 ] ] ] } },
{ "type": "Feature", "properties": { "h3": "881e0379d1fffff" }, "geometry": { "type": "Polygon", "coordinates": [ [ [ 19.039535347130666, 47.445412873854877 ], [ 19.037109872259823, 47.440960426966384 ], [ 19.041878094135544, 47.43747180791285 ], [ 19.049071761403933, 47.438435460818809 ], [ 19.05149789013759, 47.442887828330647 ], [ 19.046729697819604, 47.446376622329218 ], [ 19.039535347130666, 47.445412873854877 ] ] ] } },
{ "type": "Feature", "properties": { "h3": "881e0379d3fffff" }, "geometry": { "type": "Polygon", "coordinates": [ [ [ 19.05149789013759, 47.442887828330647 ], [ 19.049071761403933, 47.438435460818809 ], [ 19.053839375795281, 47.434946197450998 ], [ 19.061033089032513, 47.435909126670694 ], [ 19.063459871353437, 47.440361414688795 ], [ 19.058692286929421, 47.443850852996988 ], [ 19.05149789013759, 47.442887828330647 ] ] ] } },
{ "type": "Feature", "properties": { "h3": "881e0379d5fffff" }, "geometry": { "type": "Polygon", "coordinates": [ [ [ 19.029916251599612, 47.439996050358879 ], [ 19.02749153607575, 47.435543150385037 ], [ 19.032259787174205, 47.432054706268261 ], [ 19.039452724653312, 47.433018987204591 ], [ 19.041878094135544, 47.43747180791285 ], [ 19.037109872259823, 47.440960426966384 ], [ 19.029916251599612, 47.439996050358879 ] ] ] } },
{ "type": "Feature", "properties": { "h3": "881e0379d7fffff" }, "geometry": { "type": "Polygon", "coordinates": [ [ [ 19.041878094135544, 47.43747180791285 ], [ 19.039452724653312, 47.433018987204591 ], [ 19.04422036867691, 47.429529898768997 ], [ 19.051413352630039, 47.430493456125483 ], [ 19.053839375795281, 47.434946197450998 ], [ 19.049071761403933, 47.438435460818809 ], [ 19.041878094135544, 47.43747180791285 ] ] ] } },
{ "type": "Feature", "properties": { "h3": "881e0379d9fffff" }, "geometry": { "type": "Polygon", "coordinates": [ [ [ 19.037192127527121, 47.453353096384063 ], [ 19.034766547282619, 47.448901023411366 ], [ 19.039535347130666, 47.445412873854877 ], [ 19.046729697819604, 47.446376622329218 ], [ 19.0491559321068, 47.450828615931357 ], [ 19.044387161741934, 47.454316940445729 ], [ 19.037192127527121, 47.453353096384063 ] ] ] } },
{ "type": "Feature", "properties": { "h3": "881e0379dbfffff" }, "geometry": { "type": "Polygon", "coordinates": [ [ [ 19.0491559321068, 47.450828615931357 ], [ 19.046729697819604, 47.446376622329218 ], [ 19.05149789013759, 47.442887828330647 ], [ 19.058692286929421, 47.443850852996988 ], [ 19.061119174983666, 47.448302767111464 ], [ 19.056351012558626, 47.451791736063299 ], [ 19.0491559321068, 47.450828615931357 ] ] ] } },
{ "type": "Feature", "properties": { "h3": "881e0379ddfffff" }, "geometry": { "type": "Polygon", "coordinates": [ [ [ 19.027572243336071, 47.447936551113749 ], [ 19.025147422603471, 47.443484024965791 ], [ 19.029916251599612, 47.439996050358879 ], [ 19.037109872259823, 47.440960426966384 ], [ 19.039535347130666, 47.445412873854877 ], [ 19.034766547282619, 47.448901023411366 ], [ 19.027572243336071, 47.447936551113749 ] ] ] } },
{ "type": "Feature", "properties": { "h3": "881e0379e1fffff" }, "geometry": { "type": "Polygon", "coordinates": [ [ [ 18.989107608986203, 47.426259562120272 ], [ 18.986685825604695, 47.421805225282334 ], [ 18.991454767845067, 47.41831795038977 ], [ 18.99864546573713, 47.419284837435285 ], [ 19.001067903637352, 47.423739095458373 ], [ 18.996298989206107, 47.427226545266869 ], [ 18.989107608986203, 47.426259562120272 ] ] ] } },
{ "type": "Feature", "properties": { "h3": "881e0379e3fffff" }, "geometry": { "type": "Polygon", "coordinates": [ [ [ 19.001067903637352, 47.423739095458373 ], [ 18.99864546573713, 47.419284837435285 ], [ 19.003413802495054, 47.415796918078726 ], [ 19.010604549014026, 47.416763081849616 ], [ 19.013027641158288, 47.421217260940523 ], [ 19.008259332618891, 47.424705355208786 ], [ 19.001067903637352, 47.423739095458373 ] ] ] } },
{ "type": "Feature", "properties": { "h3": "881e0379e5fffff" }, "geometry": { "type": "Polygon", "coordinates": [ [ [ 18.979495176978446, 47.4208376149477 ], [ 18.977074152759975, 47.41638282594041 ], [ 18.981843122475112, 47.412895725955266 ], [ 18.989033089013233, 47.413863240086073 ], [ 18.991454767845067, 47.41831795038977 ], [ 18.986685825604695, 47.421805225282334 ], [ 18.979495176978446, 47.4208376149477 ] ] ] } },
{ "type": "Feature", "properties": { "h3": "881e0379e7fffff" }, "geometry": { "type": "Polygon", "coordinates": [ [ [ 18.991454767845067, 47.41831795038977 ], [ 18.989033089013233, 47.413863240086073 ], [ 18.993801453655255, 47.41037549563282 ], [ 19.00099146932433, 47.411342286596046 ], [ 19.003413802495054, 47.415796918078726 ], [ 18.99864546573713, 47.419284837435285 ], [ 18.991454767845067, 47.41831795038977 ] ] ] } },
{ "type": "Feature", "properties": { "h3": "881e0379e9fffff" }, "geometry": { "type": "Polygon", "coordinates": [ [ [ 18.986759976943468, 47.434200330613024 ], [ 18.984338089027492, 47.429746367337081 ], [ 18.989107608986203, 47.426259562120272 ], [ 18.996298989206107, 47.427226545266869 ], [ 18.998721531820667, 47.431680429734108 ], [ 18.993952039596092, 47.435167409879519 ], [ 18.986759976943468, 47.434200330613024 ] ] ] } },
{ "type": "Feature", "properties": { "h3": "881e0379ebfffff" }, "geometry": { "type": "Polygon", "coordinates": [ [ [ 18.998721531820667, 47.431680429734108 ], [ 18.996298989206107, 47.427226545266869 ], [ 19.001067903637352, 47.423739095458373 ], [ 19.008259332618891, 47.424705355208786 ], [ 19.010682529657295, 47.42915916074999 ], [ 19.005913643369709, 47.432646785482873 ], [ 18.998721531820667, 47.431680429734108 ] ] ] } },
{ "type": "Feature", "properties": { "h3": "881e0379edfffff" }, "geometry": { "type": "Polygon", "coordinates": [ [ [ 18.977146758208306, 47.428778660779834 ], [ 18.974725629620046, 47.424324245244463 ], [ 18.979495176978446, 47.4208376149477 ], [ 18.986685825604695, 47.421805225282334 ], [ 18.989107608986203, 47.426259562120272 ], [ 18.984338089027492, 47.429746367337081 ], [ 18.977146758208306, 47.428778660779834 ] ] ] } },
{ "type": "Feature", "properties": { "h3": "881e037a01fffff" }, "geometry": { "type": "Polygon", "coordinates": [ [ [ 18.989779364941356, 47.537742419283411 ], [ 18.987354044302744, 47.533293932459792 ], [ 18.992129845366929, 47.529811776010405 ], [ 18.999330939236525, 47.530777931303803 ], [ 19.001756916271695, 47.535226339050332 ], [ 18.996981143120408, 47.538708670596655 ], [ 18.989779364941356, 47.537742419283411 ] ] ] } },
{ "type": "Feature", "properties": { "h3": "881e037a03fffff" }, "geometry": { "type": "Polygon", "coordinates": [ [ [ 19.001756916271695, 47.535226339050332 ], [ 18.999330939236525, 47.530777931303803 ], [ 19.004106133045951, 47.527295128873661 ], [ 19.011307275646182, 47.528260559113484 ], [ 19.013733908802081, 47.532708887665812 ], [ 19.008958743316708, 47.536191865188599 ], [ 19.001756916271695, 47.535226339050332 ] ] ] } },
{ "type": "Feature", "properties": { "h3": "881e037a05fffff" }, "geometry": { "type": "Polygon", "coordinates": [ [ [ 18.980152999805494, 47.532327052098523 ], [ 18.977728440520803, 47.527878111426254 ], [ 18.982504269162057, 47.5243961300649 ], [ 18.989704629590562, 47.525362914303884 ], [ 18.992129845366929, 47.529811776010405 ], [ 18.987354044302744, 47.533293932459792 ], [ 18.980152999805494, 47.532327052098523 ] ] ] } },
{ "type": "Feature", "properties": { "h3": "881e037a07fffff" }, "geometry": { "type": "Polygon", "coordinates": [ [ [ 18.992129845366929, 47.529811776010405 ], [ 18.989704629590562, 47.525362914303884 ], [ 18.994479851388149, 47.521880286957547 ], [ 19.001680261053579, 47.522846346250034 ], [ 19.004106133045951, 47.527295128873661 ], [ 18.999330939236525, 47.530777931303803 ], [ 18.992129845366929, 47.529811776010405 ] ] ] } },
{ "type": "Feature", "properties": { "h3": "881e037a09fffff" }, "geometry": { "type": "Polygon", "coordinates": [ [ [ 18.987428409975625, 47.545672216567539 ], [ 18.985002984490031, 47.541224104721827 ], [ 18.989779364941356, 47.537742419283411 ], [ 18.996981143120408, 47.538708670596655 ], [ 18.99940722518323, 47.543156703371018 ], [ 18.994630872569456, 47.546638563919572 ], [ 18.987428409975625, 47.545672216567539 ] ] ] } },
{ "type": "Feature", "properties": { "h3": "881e037a0bfffff" }, "geometry": { "type": "Polygon", "coordinates": [ [ [ 18.99940722518323, 47.543156703371018 ], [ 18.996981143120408, 47.538708670596655 ], [ 19.001756916271695, 47.535226339050332 ], [ 19.008958743316708, 47.536191865188599 ], [ 19.011385481680833, 47.54063981877453 ], [ 19.00660973677839, 47.54412232542672 ], [ 18.99940722518323, 47.543156703371018 ] ] ] } },
{ "type": "Feature", "properties": { "h3": "881e037a0dfffff" }, "geometry": { "type": "Polygon", "coordinates": [ [ [ 18.977801255818811, 47.540257128219345 ], [ 18.975376591852523, 47.535808562435768 ], [ 18.980152999805494, 47.532327052098523 ], [ 18.987354044302744, 47.533293932459792 ], [ 18.989779364941356, 47.537742419283411 ], [ 18.985002984490031, 47.541224104721827 ], [ 18.977801255818811, 47.540257128219345 ] ] ] } },
{ "type": "Feature", "properties": { "h3": "881e037a11fffff" }, "geometry": { "type": "Polygon", "coordinates": [ [ [ 19.023363178460613, 47.538121562923997 ], [ 19.020935784071238, 47.53367368864356 ], [ 19.025710341524913, 47.530190065275924 ], [ 19.032912264376513, 47.531154141107827 ], [ 19.035340314514915, 47.535601935965758 ], [ 19.030565786132474, 47.539085734430387 ], [ 19.023363178460613, 47.538121562923997 ] ] ] } },
{ "type": "Feature", "properties": { "h3": "881e037a13fffff" }, "geometry": { "type": "Polygon", "coordinates": [ [ [ 19.035340314514915, 47.535601935965758 ], [ 19.032912264376513, 47.531154141107827 ], [ 19.037686213433005, 47.52766987202709 ], [ 19.044888183225339, 47.52863322272799 ], [ 19.04731688883647, 47.533080938046453 ], [ 19.042542969262339, 47.536565382219592 ], [ 19.035340314514915, 47.535601935965758 ] ] ] } },
{ "type": "Feature", "properties": { "h3": "881e037a15fffff" }, "geometry": { "type": "Polygon", "coordinates": [ [ [ 19.013733908802081, 47.532708887665812 ], [ 19.011307275646182, 47.528260559113484 ], [ 19.016081861835037, 47.524777110834094 ], [ 19.023283052524349, 47.525741816034866 ], [ 19.025710341524913, 47.530190065275924 ], [ 19.020935784071238, 47.53367368864356 ], [ 19.013733908802081, 47.532708887665812 ] ] ] } },
{ "type": "Feature", "properties": { "h3": "881e037a17fffff" }, "geometry": { "type": "Polygon", "coordinates": [ [ [ 19.025710341524913, 47.530190065275924 ], [ 19.023283052524349, 47.525741816034866 ], [ 19.028057030727027, 47.522257722037914 ], [ 19.03525826886386, 47.523221702214329 ], [ 19.037686213433005, 47.52766987202709 ], [ 19.032912264376513, 47.531154141107827 ], [ 19.025710341524913, 47.530190065275924 ] ] ] } },
{ "type": "Feature", "properties": { "h3": "881e037a19fffff" }, "geometry": { "type": "Polygon", "coordinates": [ [ [ 19.021015541398409, 47.546052214773063 ], [ 19.018588041635333, 47.54160471554826 ], [ 19.023363178460613, 47.538121562923997 ], [ 19.030565786132474, 47.539085734430387 ], [ 19.032993941825165, 47.543533154238453 ], [ 19.028218833996174, 47.54701648197296 ], [ 19.021015541398409, 47.546052214773063 ] ] ] } },
{ "type": "Feature", "properties": { "h3": "881e037a1bfffff" }, "geometry": { "type": "Polygon", "coordinates": [ [ [ 19.032993941825165, 47.543533154238453 ], [ 19.030565786132474, 47.539085734430387 ], [ 19.035340314514915, 47.535601935965758 ], [ 19.042542969262339, 47.536565382219592 ], [ 19.044971780608222, 47.54101272249396 ], [ 19.040197281633322, 47.544496696064279 ], [ 19.032993941825165, 47.543533154238453 ] ] ] } },
{ "type": "Feature", "properties": { "h3": "881e037a1dfffff" }, "geometry": { "type": "Polygon", "coordinates": [ [ [ 19.011385481680833, 47.54063981877453 ], [ 19.008958743316708, 47.536191865188599 ], [ 19.013733908802081, 47.532708887665812 ], [ 19.020935784071238, 47.53367368864356 ], [ 19.023363178460613, 47.538121562923997 ], [ 19.018588041635333, 47.54160471554826 ], [ 19.011385481680833, 47.54063981877453 ] ] ] } },
{ "type": "Feature", "properties": { "h3": "881e037a21fffff" }, "geometry": { "type": "Polygon", "coordinates": [ [ [ 18.972880187852194, 47.518979401624065 ], [ 18.970456494382557, 47.514529632599604 ], [ 18.975231771149414, 47.511047355394169 ], [ 18.982430714148609, 47.512014672163318 ], [ 18.984855064024256, 47.516464362327596 ], [ 18.980079814574236, 47.519946814599024 ], [ 18.972880187852194, 47.518979401624065 ] ] ] } },
{ "type": "Feature", "properties": { "h3": "881e037a23fffff" }, "geometry": { "type": "Polygon", "coordinates": [ [ [ 18.984855064024256, 47.516464362327596 ], [ 18.982430714148609, 47.512014672163318 ], [ 18.987205384527769, 47.508531749095937 ], [ 18.994404377134469, 47.509498341147108 ], [ 18.996829383140682, 47.513947952334 ], [ 18.992054740489241, 47.517431050463223 ], [ 18.984855064024256, 47.516464362327596 ] ] ] } },
{ "type": "Feature", "properties": { "h3": "881e037a25fffff" }, "geometry": { "type": "Polygon", "coordinates": [ [ [ 18.963257601632101, 47.513561591098387 ], [ 18.960834669210151, 47.509111368716148 ], [ 18.965609972958379, 47.505629266567752 ], [ 18.972808182226679, 47.506597211760699 ], [ 18.975231771149414, 47.511047355394169 ], [ 18.970456494382557, 47.514529632599604 ], [ 18.963257601632101, 47.513561591098387 ] ] ] } },
{ "type": "Feature", "properties": { "h3": "881e037a27fffff" }, "geometry": { "type": "Polygon", "coordinates": [ [ [ 18.975231771149414, 47.511047355394169 ], [ 18.972808182226679, 47.506597211760699 ], [ 18.977582879998099, 47.503114463746272 ], [ 18.984781139379542, 47.504081684328483 ], [ 18.987205384527769, 47.508531749095937 ], [ 18.982430714148609, 47.512014672163318 ], [ 18.975231771149414, 47.511047355394169 ] ] ] } },
{ "type": "Feature", "properties": { "h3": "881e037a29fffff" }, "geometry": { "type": "Polygon", "coordinates": [ [ [ 18.970528129970788, 47.526910602226565 ], [ 18.968104331969549, 47.522461207906353 ], [ 18.972880187852194, 47.518979401624065 ], [ 18.980079814574236, 47.519946814599024 ], [ 18.982504269162057, 47.5243961300649 ], [ 18.977728440520803, 47.527878111426254 ], [ 18.970528129970788, 47.526910602226565 ] ] ] } },
{ "type": "Feature", "properties": { "h3": "881e037a2bfffff" }, "geometry": { "type": "Polygon", "coordinates": [ [ [ 18.982504269162057, 47.5243961300649 ], [ 18.980079814574236, 47.519946814599024 ], [ 18.984855064024256, 47.516464362327596 ], [ 18.992054740489241, 47.517431050463223 ], [ 18.994479851388149, 47.521880286957547 ], [ 18.989704629590562, 47.525362914303884 ], [ 18.982504269162057, 47.5243961300649 ] ] ] } },
{ "type": "Feature", "properties": { "h3": "881e037a2dfffff" }, "geometry": { "type": "Polygon", "coordinates": [ [ [ 18.960904755631898, 47.521493070078023 ], [ 18.958481718843593, 47.517043222310626 ], [ 18.963257601632101, 47.513561591098387 ], [ 18.970456494382557, 47.514529632599604 ], [ 18.972880187852194, 47.518979401624065 ], [ 18.968104331969549, 47.522461207906353 ], [ 18.960904755631898, 47.521493070078023 ] ] ] } },
{ "type": "Feature", "properties": { "h3": "881e037a31fffff" }, "geometry": { "type": "Polygon", "coordinates": [ [ [ 19.006454875641637, 47.51936307305013 ], [ 19.004029108707254, 47.514913915644513 ], [ 19.008803144194424, 47.511430171788994 ], [ 19.016002918221307, 47.512395410288796 ], [ 19.018429340915372, 47.51684448848858 ], [ 19.013655333902509, 47.520328407410467 ], [ 19.006454875641637, 47.51936307305013 ] ] ] } },
{ "type": "Feature", "properties": { "h3": "881e037a33fffff" }, "geometry": { "type": "Polygon", "coordinates": [ [ [ 19.018429340915372, 47.51684448848858 ], [ 19.016002918221307, 47.512395410288796 ], [ 19.0207763461787, 47.508911020838624 ], [ 19.02797616802469, 47.50987553454236 ], [ 19.030403246202535, 47.514324533419234 ], [ 19.025629847130304, 47.517809097931348 ], [ 19.018429340915372, 47.51684448848858 ] ] ] } },
{ "type": "Feature", "properties": { "h3": "881e037a35fffff" }, "geometry": { "type": "Polygon", "coordinates": [ [ [ 18.996829383140682, 47.513947952334 ], [ 18.994404377134469, 47.509498341147108 ], [ 18.99917844076019, 47.506014772349168 ], [ 19.006377482333214, 47.506980639696629 ], [ 19.008803144194424, 47.511430171788994 ], [ 19.004029108707254, 47.514913915644513 ], [ 18.996829383140682, 47.513947952334 ] ] ] } },
{ "type": "Feature", "properties": { "h3": "881e037a37fffff" }, "geometry": { "type": "Polygon", "coordinates": [ [ [ 19.008803144194424, 47.511430171788994 ], [ 19.006377482333214, 47.506980639696629 ], [ 19.011150938839933, 47.503496425299701 ], [ 19.018350028738205, 47.504461567957946 ], [ 19.0207763461787, 47.508911020838624 ], [ 19.016002918221307, 47.512395410288796 ], [ 19.008803144194424, 47.511430171788994 ] ] ] } },
{ "type": "Feature", "properties": { "h3": "881e037a39fffff" }, "geometry": { "type": "Polygon", "coordinates": [ [ [ 19.004106133045951, 47.527295128873661 ], [ 19.001680261053579, 47.522846346250034 ], [ 19.006454875641637, 47.51936307305013 ], [ 19.013655333902509, 47.520328407410467 ], [ 19.016081861835037, 47.524777110834094 ], [ 19.011307275646182, 47.528260559113484 ], [ 19.004106133045951, 47.527295128873661 ] ] ] } },
{ "type": "Feature", "properties": { "h3": "881e037a3bfffff" }, "geometry": { "type": "Polygon", "coordinates": [ [ [ 19.016081861835037, 47.524777110834094 ], [ 19.013655333902509, 47.520328407410467 ], [ 19.018429340915372, 47.51684448848858 ], [ 19.025629847130304, 47.517809097931348 ], [ 19.028057030727027, 47.522257722037914 ], [ 19.023283052524349, 47.525741816034866 ], [ 19.016081861835037, 47.524777110834094 ] ] ] } },
{ "type": "Feature", "properties": { "h3": "881e037a3dfffff" }, "geometry": { "type": "Polygon", "coordinates": [ [ [ 18.994479851388149, 47.521880286957547 ], [ 18.992054740489241, 47.517431050463223 ], [ 18.996829383140682, 47.513947952334 ], [ 19.004029108707254, 47.514913915644513 ], [ 19.006454875641637, 47.51936307305013 ], [ 19.001680261053579, 47.522846346250034 ], [ 18.994479851388149, 47.521880286957547 ] ] ] } },
{ "type": "Feature", "properties": { "h3": "881e037a41fffff" }, "geometry": { "type": "Polygon", "coordinates": [ [ [ 18.97309634341185, 47.556114741887043 ], [ 18.970671470128337, 47.551666926165723 ], [ 18.975449037066234, 47.548186358218452 ], [ 18.982651450016636, 47.549153430881063 ], [ 18.985076980333954, 47.553601167653888 ], [ 18.980299440746737, 47.557081910728712 ], [ 18.97309634341185, 47.556114741887043 ] ] ] } },
{ "type": "Feature", "properties": { "h3": "881e037a43fffff" }, "geometry": { "type": "Polygon", "coordinates": [ [ [ 18.985076980333954, 47.553601167653888 ], [ 18.982651450016636, 47.549153430881063 ], [ 18.987428409975625, 47.545672216567539 ], [ 18.994630872569456, 47.546638563919572 ], [ 18.99705705964471, 47.551086221626797 ], [ 18.992280127447909, 47.554567611063682 ], [ 18.985076980333954, 47.553601167653888 ] ] ] } },
{ "type": "Feature", "properties": { "h3": "881e037a45fffff" }, "geometry": { "type": "Polygon", "coordinates": [ [ [ 18.963469107463467, 47.550699128178536 ], [ 18.9610449959596, 47.546250858541597 ], [ 18.96582258991225, 47.542770465712763 ], [ 18.973024268433644, 47.543738167418553 ], [ 18.975449037066234, 47.548186358218452 ], [ 18.970671470128337, 47.551666926165723 ], [ 18.963469107463467, 47.550699128178536 ] ] ] } },
{ "type": "Feature", "properties": { "h3": "881e037a47fffff" }, "geometry": { "type": "Polygon", "coordinates": [ [ [ 18.975449037066234, 47.548186358218452 ], [ 18.973024268433644, 47.543738167418553 ], [ 18.977801255818811, 47.540257128219345 ], [ 18.985002984490031, 47.541224104721827 ], [ 18.987428409975625, 47.545672216567539 ], [ 18.982651450016636, 47.549153430881063 ], [ 18.975449037066234, 47.548186358218452 ] ] ] } },
{ "type": "Feature", "properties": { "h3": "881e037a49fffff" }, "geometry": { "type": "Polygon", "coordinates": [ [ [ 18.970743174719797, 47.564042279016476 ], [ 18.96831819680067, 47.559594838468591 ], [ 18.97309634341185, 47.556114741887043 ], [ 18.980299440746737, 47.557081910728712 ], [ 18.982725075880484, 47.5615292723338 ], [ 18.977946956544425, 47.565009544056139 ], [ 18.970743174719797, 47.564042279016476 ] ] ] } },
{ "type": "Feature", "properties": { "h3": "881e037a4bfffff" }, "geometry": { "type": "Polygon", "coordinates": [ [ [ 18.982725075880484, 47.5615292723338 ], [ 18.980299440746737, 47.557081910728712 ], [ 18.985076980333954, 47.553601167653888 ], [ 18.992280127447909, 47.554567611063682 ], [ 18.994706419520387, 47.559014893608882 ], [ 18.989928907619916, 47.562495811820305 ], [ 18.982725075880484, 47.5615292723338 ] ] ] } },
{ "type": "Feature", "properties": { "h3": "881e037a4dfffff" }, "geometry": { "type": "Polygon", "coordinates": [ [ [ 18.961115149887199, 47.558626944181086 ], [ 18.958690933913175, 47.554179049628466 ], [ 18.963469107463467, 47.550699128178536 ], [ 18.970671470128337, 47.551666926165723 ], [ 18.97309634341185, 47.556114741887043 ], [ 18.96831819680067, 47.559594838468591 ], [ 18.961115149887199, 47.558626944181086 ] ] ] } },
{ "type": "Feature", "properties": { "h3": "881e037a51fffff" }, "geometry": { "type": "Polygon", "coordinates": [ [ [ 19.006687204630623, 47.556499142987093 ], [ 19.00426025589546, 47.55205193961887 ], [ 19.009036580335621, 47.54856990395124 ], [ 19.016239825080923, 47.549534896539946 ], [ 19.018667430202633, 47.553982020614178 ], [ 19.013891134272281, 47.557464231409789 ], [ 19.006687204630623, 47.556499142987093 ] ] ] } },
{ "type": "Feature", "properties": { "h3": "881e037a53fffff" }, "geometry": { "type": "Polygon", "coordinates": [ [ [ 19.018667430202633, 47.553982020614178 ], [ 19.016239825080923, 47.549534896539946 ], [ 19.021015541398409, 47.546052214773063 ], [ 19.028218833996174, 47.54701648197296 ], [ 19.03064709522809, 47.551463526636169 ], [ 19.02587140783184, 47.554946383526591 ], [ 19.018667430202633, 47.553982020614178 ] ] ] } },
{ "type": "Feature", "properties": { "h3": "881e037a55fffff" }, "geometry": { "type": "Polygon", "coordinates": [ [ [ 18.99705705964471, 47.551086221626797 ], [ 18.994630872569456, 47.546638563919572 ], [ 18.99940722518323, 47.543156703371018 ], [ 19.00660973677839, 47.54412232542672 ], [ 19.009036580335621, 47.54856990395124 ], [ 19.00426025589546, 47.55205193961887 ], [ 18.99705705964471, 47.551086221626797 ] ] ] } },
{ "type": "Feature", "properties": { "h3": "881e037a57fffff" }, "geometry": { "type": "Polygon", "coordinates": [ [ [ 19.009036580335621, 47.54856990395124 ], [ 19.00660973677839, 47.54412232542672 ], [ 19.011385481680833, 47.54063981877453 ], [ 19.018588041635333, 47.54160471554826 ], [ 19.021015541398409, 47.546052214773063 ], [ 19.016239825080923, 47.549534896539946 ], [ 19.009036580335621, 47.54856990395124 ] ] ] } },
{ "type": "Feature", "properties": { "h3": "881e037a59fffff" }, "geometry": { "type": "Polygon", "coordinates": [ [ [ 19.004337354430092, 47.564427535673424 ], [ 19.001910300532128, 47.559980707556328 ], [ 19.006687204630623, 47.556499142987093 ], [ 19.013891134272281, 47.557464231409789 ], [ 19.016318844737491, 47.561910980238579 ], [ 19.011541969073612, 47.565392719949102 ], [ 19.004337354430092, 47.564427535673424 ] ] ] } },
{ "type": "Feature", "properties": { "h3": "881e037a5bfffff" }, "geometry": { "type": "Polygon", "coordinates": [ [ [ 19.016318844737491, 47.561910980238579 ], [ 19.013891134272281, 47.557464231409789 ], [ 19.018667430202633, 47.553982020614178 ], [ 19.02587140783184, 47.554946383526591 ], [ 19.028299774587971, 47.559393052950092 ], [ 19.023523507503779, 47.562875438882557 ], [ 19.016318844737491, 47.561910980238579 ] ] ] } },
{ "type": "Feature", "properties": { "h3": "881e037a5dfffff" }, "geometry": { "type": "Polygon", "coordinates": [ [ [ 18.994706419520387, 47.559014893608882 ], [ 18.992280127447909, 47.554567611063682 ], [ 18.99705705964471, 47.551086221626797 ], [ 19.00426025589546, 47.55205193961887 ], [ 19.006687204630623, 47.556499142987093 ], [ 19.001910300532128, 47.559980707556328 ], [ 18.994706419520387, 47.559014893608882 ] ] ] } },
{ "type": "Feature", "properties": { "h3": "881e037a61fffff" }, "geometry": { "type": "Polygon", "coordinates": [ [ [ 18.956197639066666, 47.537353490547176 ], [ 18.953774393591832, 47.532904392295045 ], [ 18.958551434822009, 47.529423703297311 ], [ 18.965751694851917, 47.53039193747167 ], [ 18.968175597369385, 47.534840956992475 ], [ 18.96339858289388, 47.538321821086399 ], [ 18.956197639066666, 47.537353490547176 ] ] ] } },
{ "type": "Feature", "properties": { "h3": "881e037a63fffff" }, "geometry": { "type": "Polygon", "coordinates": [ [ [ 18.968175597369385, 47.534840956992475 ], [ 18.965751694851917, 47.53039193747167 ], [ 18.970528129970788, 47.526910602226565 ], [ 18.977728440520803, 47.527878111426254 ], [ 18.980152999805494, 47.532327052098523 ], [ 18.975376591852523, 47.535808562435768 ], [ 18.968175597369385, 47.534840956992475 ] ] ] } },
{ "type": "Feature", "properties": { "h3": "881e037a65fffff" }, "geometry": { "type": "Polygon", "coordinates": [ [ [ 18.946574184723765, 47.53193543313224 ], [ 18.944151700721683, 47.527485881455092 ], [ 18.94892876837098, 47.524005367544426 ], [ 18.956128293682742, 47.524974230239998 ], [ 18.958551434822009, 47.529423703297311 ], [ 18.953774393591832, 47.532904392295045 ], [ 18.946574184723765, 47.53193543313224 ] ] ] } },
{ "type": "Feature", "properties": { "h3": "881e037a67fffff" }, "geometry": { "type": "Polygon", "coordinates": [ [ [ 18.958551434822009, 47.529423703297311 ], [ 18.956128293682742, 47.524974230239998 ], [ 18.960904755631898, 47.521493070078023 ], [ 18.968104331969549, 47.522461207906353 ], [ 18.970528129970788, 47.526910602226565 ], [ 18.965751694851917, 47.53039193747167 ], [ 18.958551434822009, 47.529423703297311 ] ] ] } },
{ "type": "Feature", "properties": { "h3": "881e037a69fffff" }, "geometry": { "type": "Polygon", "coordinates": [ [ [ 18.953843368230022, 47.545282431618631 ], [ 18.95142001843503, 47.540833708266703 ], [ 18.956197639066666, 47.537353490547176 ], [ 18.96339858289388, 47.538321821086399 ], [ 18.96582258991225, 47.542770465712763 ], [ 18.9610449959596, 47.546250858541597 ], [ 18.953843368230022, 47.545282431618631 ] ] ] } },
{ "type": "Feature", "properties": { "h3": "881e037a6bfffff" }, "geometry": { "type": "Polygon", "coordinates": [ [ [ 18.96582258991225, 47.542770465712763 ], [ 18.96339858289388, 47.538321821086399 ], [ 18.968175597369385, 47.534840956992475 ], [ 18.975376591852523, 47.535808562435768 ], [ 18.977801255818811, 47.540257128219345 ], [ 18.973024268433644, 47.543738167418553 ], [ 18.96582258991225, 47.542770465712763 ] ] ] } },
{ "type": "Feature", "properties": { "h3": "881e037a6dfffff" }, "geometry": { "type": "Polygon", "coordinates": [ [ [ 18.944219125905686, 47.539864652617808 ], [ 18.941796537748768, 47.535415475751641 ], [ 18.946574184723765, 47.53193543313224 ], [ 18.953774393591832, 47.532904392295045 ], [ 18.956197639066666, 47.537353490547176 ], [ 18.95142001843503, 47.540833708266703 ], [ 18.944219125905686, 47.539864652617808 ] ] ] } },
{ "type": "Feature", "properties": { "h3": "881e037a81fffff" }, "geometry": { "type": "Polygon", "coordinates": [ [ [ 19.073610454200455, 47.520101068596489 ], [ 19.071180544583903, 47.515653137770308 ], [ 19.075952087190384, 47.51216646222295 ], [ 19.083153508703599, 47.513127542452935 ], [ 19.085584072782787, 47.517575393383147 ], [ 19.080812560965992, 47.521062243995381 ], [ 19.073610454200455, 47.520101068596489 ] ] ] } },
{ "type": "Feature", "properties": { "h3": "881e037a83fffff" }, "geometry": { "type": "Polygon", "coordinates": [ [ [ 19.085584072782787, 47.517575393383147 ], [ 19.083153508703599, 47.513127542452935 ], [ 19.087924441499208, 47.509640221848706 ], [ 19.09512590725349, 47.510600577130809 ], [ 19.097557125518449, 47.515048348048218 ], [ 19.092786223923266, 47.518535843712357 ], [ 19.085584072782787, 47.517575393383147 ] ] ] } },
{ "type": "Feature", "properties": { "h3": "881e037a85fffff" }, "geometry": { "type": "Polygon", "coordinates": [ [ [ 19.063979167952855, 47.514691332576753 ], [ 19.061550019020608, 47.510242947123416 ], [ 19.066321592080484, 47.506756446632565 ], [ 19.073522283699077, 47.507718156554581 ], [ 19.075952087190384, 47.51216646222295 ], [ 19.071180544583903, 47.515653137770308 ], [ 19.063979167952855, 47.514691332576753 ] ] ] } },
{ "type": "Feature", "properties": { "h3": "881e037a87fffff" }, "geometry": { "type": "Polygon", "coordinates": [ [ [ 19.075952087190384, 47.51216646222295 ], [ 19.073522283699077, 47.507718156554581 ], [ 19.078293247358744, 47.504231011001984 ], [ 19.085493983725513, 47.505191996082168 ], [ 19.087924441499208, 47.509640221848706 ], [ 19.083153508703599, 47.513127542452935 ], [ 19.075952087190384, 47.51216646222295 ] ] ] } },
{ "type": "Feature", "properties": { "h3": "881e037a89fffff" }, "geometry": { "type": "Polygon", "coordinates": [ [ [ 19.071268348253511, 47.528034829913047 ], [ 19.068838332526532, 47.52358727402428 ], [ 19.073610454200455, 47.520101068596489 ], [ 19.080812560965992, 47.521062243995381 ], [ 19.083243231335867, 47.525509719993998 ], [ 19.078471140377236, 47.528996100499931 ], [ 19.071268348253511, 47.528034829913047 ] ] ] } },
{ "type": "Feature", "properties": { "h3": "881e037a8bfffff" }, "geometry": { "type": "Polygon", "coordinates": [ [ [ 19.083243231335867, 47.525509719993998 ], [ 19.080812560965992, 47.521062243995381 ], [ 19.085584072782787, 47.517575393383147 ], [ 19.092786223923266, 47.518535843712357 ], [ 19.095217548659164, 47.522983239704025 ], [ 19.090446067968507, 47.52647026538947 ], [ 19.083243231335867, 47.525509719993998 ] ] ] } },
{ "type": "Feature", "properties": { "h3": "881e037a8dfffff" }, "geometry": { "type": "Polygon", "coordinates": [ [ [ 19.061636270777264, 47.522625373540095 ], [ 19.059207015900018, 47.518177362934786 ], [ 19.063979167952855, 47.514691332576753 ], [ 19.071180544583903, 47.515653137770308 ], [ 19.073610454200455, 47.520101068596489 ], [ 19.068838332526532, 47.52358727402428 ], [ 19.061636270777264, 47.522625373540095 ] ] ] } },
{ "type": "Feature", "properties": { "h3": "881e037a91fffff" }, "geometry": { "type": "Polygon", "coordinates": [ [ [ 19.107191299217551, 47.520455389191525 ], [ 19.104759320392617, 47.51600807332359 ], [ 19.10952961140201, 47.51251993274024 ], [ 19.11673184936868, 47.51347893297779 ], [ 19.119164482005484, 47.51792616860525 ], [ 19.114394222943719, 47.521414484251636 ], [ 19.107191299217551, 47.520455389191525 ] ] ] } },
{ "type": "Feature", "properties": { "h3": "881e037a93fffff" }, "geometry": { "type": "Polygon", "coordinates": [ [ [ 19.119164482005484, 47.51792616860525 ], [ 19.11673184936868, 47.51347893297779 ], [ 19.121501529428194, 47.509990147608079 ], [ 19.128703809846282, 47.510948422824029 ], [ 19.131137096017682, 47.515395578094321 ], [ 19.126367448316419, 47.518884538521839 ], [ 19.119164482005484, 47.51792616860525 ] ] ] } },
{ "type": "Feature", "properties": { "h3": "881e037a95fffff" }, "geometry": { "type": "Polygon", "coordinates": [ [ [ 19.097557125518449, 47.515048348048218 ], [ 19.09512590725349, 47.510600577130809 ], [ 19.099896229873906, 47.507112611602331 ], [ 19.107097739228188, 47.508072241952412 ], [ 19.10952961140201, 47.51251993274024 ], [ 19.104759320392617, 47.51600807332359 ], [ 19.097557125518449, 47.515048348048218 ] ] ] } },
{ "type": "Feature", "properties": { "h3": "881e037a97fffff" }, "geometry": { "type": "Polygon", "coordinates": [ [ [ 19.10952961140201, 47.51251993274024 ], [ 19.107097739228188, 47.508072241952412 ], [ 19.111867451309319, 47.504583631632435 ], [ 19.119069003622638, 47.505542537066567 ], [ 19.121501529428194, 47.509990147608079 ], [ 19.11673184936868, 47.51347893297779 ], [ 19.10952961140201, 47.51251993274024 ] ] ] } },
{ "type": "Feature", "properties": { "h3": "881e037a99fffff" }, "geometry": { "type": "Polygon", "coordinates": [ [ [ 19.104852514620656, 47.528390000776646 ], [ 19.102420429159253, 47.52394305992383 ], [ 19.107191299217551, 47.520455389191525 ], [ 19.114394222943719, 47.521414484251636 ], [ 19.116826962397177, 47.52586134486981 ], [ 19.112056124212426, 47.529349190678516 ], [ 19.104852514620656, 47.528390000776646 ] ] ] } },
{ "type": "Feature", "properties": { "h3": "881e037a9bfffff" }, "geometry": { "type": "Polygon", "coordinates": [ [ [ 19.116826962397177, 47.52586134486981 ], [ 19.114394222943719, 47.521414484251636 ], [ 19.119164482005484, 47.51792616860525 ], [ 19.126367448316419, 47.518884538521839 ], [ 19.128800841484615, 47.523331318788685 ], [ 19.124030614707177, 47.526819809506271 ], [ 19.116826962397177, 47.52586134486981 ] ] ] } },
{ "type": "Feature", "properties": { "h3": "881e037a9dfffff" }, "geometry": { "type": "Polygon", "coordinates": [ [ [ 19.095217548659164, 47.522983239704025 ], [ 19.092786223923266, 47.518535843712357 ], [ 19.097557125518449, 47.515048348048218 ], [ 19.104759320392617, 47.51600807332359 ], [ 19.107191299217551, 47.520455389191525 ], [ 19.102420429159253, 47.52394305992383 ], [ 19.095217548659164, 47.522983239704025 ] ] ] } },
{ "type": "Feature", "properties": { "h3": "881e037aa1fffff" }, "geometry": { "type": "Polygon", "coordinates": [ [ [ 19.056692587651217, 47.501345347021314 ], [ 19.054264305128523, 47.496896132478035 ], [ 19.059035329507829, 47.49340933700369 ], [ 19.066234606297794, 47.494371581053706 ], [ 19.068663543295571, 47.498820715917198 ], [ 19.063892549108065, 47.502307686426477 ], [ 19.056692587651217, 47.501345347021314 ] ] ] } },
{ "type": "Feature", "properties": { "h3": "881e037aa3fffff" }, "geometry": { "type": "Polygon", "coordinates": [ [ [ 19.068663543295571, 47.498820715917198 ], [ 19.066234606297794, 47.494371581053706 ], [ 19.071005021733459, 47.49088414064046 ], [ 19.078204343644451, 47.491845660076564 ], [ 19.080633934840883, 47.496294715143328 ], [ 19.075863550007476, 47.499782330586719 ], [ 19.068663543295571, 47.498820715917198 ] ] ] } },
{ "type": "Feature", "properties": { "h3": "881e037aa5fffff" }, "geometry": { "type": "Polygon", "coordinates": [ [ [ 19.047065074100225, 47.495933163798625 ], [ 19.044637551958015, 47.491483495118764 ], [ 19.049408606193239, 47.487996874670976 ], [ 19.056607152794491, 47.488959747892544 ], [ 19.059035329507829, 47.49340933700369 ], [ 19.054264305128523, 47.496896132478035 ], [ 19.047065074100225, 47.495933163798625 ] ] ] } },
{ "type": "Feature", "properties": { "h3": "881e037aa7fffff" }, "geometry": { "type": "Polygon", "coordinates": [ [ [ 19.059035329507829, 47.49340933700369 ], [ 19.056607152794491, 47.488959747892544 ], [ 19.061377598496449, 47.485472482501109 ], [ 19.068576190725206, 47.486434631215026 ], [ 19.071005021733459, 47.49088414064046 ], [ 19.066234606297794, 47.494371581053706 ], [ 19.059035329507829, 47.49340933700369 ] ] ] } },
{ "type": "Feature", "properties": { "h3": "881e037aa9fffff" }, "geometry": { "type": "Polygon", "coordinates": [ [ [ 19.054349372791204, 47.509280512344048 ], [ 19.051920984474037, 47.504831672464057 ], [ 19.056692587651217, 47.501345347021314 ], [ 19.063892549108065, 47.502307686426477 ], [ 19.066321592080484, 47.506756446632565 ], [ 19.061550019020608, 47.510242947123416 ], [ 19.054349372791204, 47.509280512344048 ] ] ] } },
{ "type": "Feature", "properties": { "h3": "881e037aabfffff" }, "geometry": { "type": "Polygon", "coordinates": [ [ [ 19.066321592080484, 47.506756446632565 ], [ 19.063892549108065, 47.502307686426477 ], [ 19.068663543295571, 47.498820715917198 ], [ 19.075863550007476, 47.499782330586719 ], [ 19.078293247358744, 47.504231011001984 ], [ 19.073522283699077, 47.507718156554581 ], [ 19.066321592080484, 47.506756446632565 ] ] ] } },
{ "type": "Feature", "properties": { "h3": "881e037aadfffff" }, "geometry": { "type": "Polygon", "coordinates": [ [ [ 19.044721068913141, 47.503868608307833 ], [ 19.042293441141773, 47.499419314201731 ], [ 19.047065074100225, 47.495933163798625 ], [ 19.054264305128523, 47.496896132478035 ], [ 19.056692587651217, 47.501345347021314 ], [ 19.051920984474037, 47.504831672464057 ], [ 19.044721068913141, 47.503868608307833 ] ] ] } },
{ "type": "Feature", "properties": { "h3": "881e037ab1fffff" }, "geometry": { "type": "Polygon", "coordinates": [ [ [ 19.090264337620557, 47.501704205600355 ], [ 19.087833986167059, 47.497255605092796 ], [ 19.092603761282138, 47.493767344847861 ], [ 19.099803856581833, 47.494727510093064 ], [ 19.102234861860854, 47.499176030576074 ], [ 19.097465118094565, 47.50266446585443 ], [ 19.090264337620557, 47.501704205600355 ] ] ] } },
{ "type": "Feature", "properties": { "h3": "881e037ab3fffff" }, "geometry": { "type": "Polygon", "coordinates": [ [ [ 19.102234861860854, 47.499176030576074 ], [ 19.099803856581833, 47.494727510093064 ], [ 19.104573021614584, 47.491238605179333 ], [ 19.111773160247107, 47.492198045736224 ], [ 19.11420481907485, 47.4966464860779 ], [ 19.109435685801269, 47.500135566019992 ], [ 19.102234861860854, 47.499176030576074 ] ] ] } },
{ "type": "Feature", "properties": { "h3": "881e037ab5fffff" }, "geometry": { "type": "Polygon", "coordinates": [ [ [ 19.080633934840883, 47.496294715143328 ], [ 19.078204343644451, 47.491845660076564 ], [ 19.082974149772173, 47.488357574856877 ], [ 19.090173516163553, 47.489318369694729 ], [ 19.092603761282138, 47.493767344847861 ], [ 19.087833986167059, 47.497255605092796 ], [ 19.080633934840883, 47.496294715143328 ] ] ] } },
{ "type": "Feature", "properties": { "h3": "881e037ab7fffff" }, "geometry": { "type": "Polygon", "coordinates": [ [ [ 19.092603761282138, 47.493767344847861 ], [ 19.090173516163553, 47.489318369694729 ], [ 19.094942712619282, 47.485829639801224 ], [ 19.102142122850498, 47.486789710056627 ], [ 19.104573021614584, 47.491238605179333 ], [ 19.099803856581833, 47.494727510093064 ], [ 19.092603761282138, 47.493767344847861 ] ] ] } },
{ "type": "Feature", "properties": { "h3": "881e037ab9fffff" }, "geometry": { "type": "Polygon", "coordinates": [ [ [ 19.087924441499208, 47.509640221848706 ], [ 19.085493983725513, 47.505191996082168 ], [ 19.090264337620557, 47.501704205600355 ], [ 19.097465118094565, 47.50266446585443 ], [ 19.099896229873906, 47.507112611602331 ], [ 19.09512590725349, 47.510600577130809 ], [ 19.087924441499208, 47.509640221848706 ] ] ] } },
{ "type": "Feature", "properties": { "h3": "881e037abbfffff" }, "geometry": { "type": "Polygon", "coordinates": [ [ [ 19.099896229873906, 47.507112611602331 ], [ 19.097465118094565, 47.50266446585443 ], [ 19.102234861860854, 47.499176030576074 ], [ 19.109435685801269, 47.500135566019992 ], [ 19.111867451309319, 47.504583631632435 ], [ 19.107097739228188, 47.508072241952412 ], [ 19.099896229873906, 47.507112611602331 ] ] ] } },
{ "type": "Feature", "properties": { "h3": "881e037abdfffff" }, "geometry": { "type": "Polygon", "coordinates": [ [ [ 19.078293247358744, 47.504231011001984 ], [ 19.075863550007476, 47.499782330586719 ], [ 19.080633934840883, 47.496294715143328 ], [ 19.087833986167059, 47.497255605092796 ], [ 19.090264337620557, 47.501704205600355 ], [ 19.085493983725513, 47.505191996082168 ], [ 19.078293247358744, 47.504231011001984 ] ] ] } },
{ "type": "Feature", "properties": { "h3": "881e037ac1fffff" }, "geometry": { "type": "Polygon", "coordinates": [ [ [ 19.056949056740226, 47.538490919686474 ], [ 19.054519590017669, 47.534043659062725 ], [ 19.059292900418232, 47.530558569313094 ], [ 19.066495647391498, 47.53152056510698 ], [ 19.068925769214118, 47.535967745963227 ], [ 19.064152489043305, 47.539453010809133 ], [ 19.056949056740226, 47.538490919686474 ] ] ] } },
{ "type": "Feature", "properties": { "h3": "881e037ac3fffff" }, "geometry": { "type": "Polygon", "coordinates": [ [ [ 19.068925769214118, 47.535967745963227 ], [ 19.066495647391498, 47.53152056510698 ], [ 19.071268348253511, 47.528034829913047 ], [ 19.078471140377236, 47.528996100499931 ], [ 19.080901917023088, 47.533443201471819 ], [ 19.076129246801898, 47.53692911175721 ], [ 19.068925769214118, 47.535967745963227 ] ] ] } },
{ "type": "Feature", "properties": { "h3": "881e037ac5fffff" }, "geometry": { "type": "Polygon", "coordinates": [ [ [ 19.04731688883647, 47.533080938046453 ], [ 19.044888183225339, 47.52863322272799 ], [ 19.049661523519326, 47.525148308066107 ], [ 19.056863539610887, 47.52611093365104 ], [ 19.059292900418232, 47.530558569313094 ], [ 19.054519590017669, 47.534043659062725 ], [ 19.04731688883647, 47.533080938046453 ] ] ] } },
{ "type": "Feature", "properties": { "h3": "881e037ac7fffff" }, "geometry": { "type": "Polygon", "coordinates": [ [ [ 19.059292900418232, 47.530558569313094 ], [ 19.056863539610887, 47.52611093365104 ], [ 19.061636270777264, 47.522625373540095 ], [ 19.068838332526532, 47.52358727402428 ], [ 19.071268348253511, 47.528034829913047 ], [ 19.066495647391498, 47.53152056510698 ], [ 19.059292900418232, 47.530558569313094 ] ] ] } },
{ "type": "Feature", "properties": { "h3": "881e037ac9fffff" }, "geometry": { "type": "Polygon", "coordinates": [ [ [ 19.054604739607701, 47.546422424451031 ], [ 19.052175166984782, 47.541975538960642 ], [ 19.056949056740226, 47.538490919686474 ], [ 19.064152489043305, 47.539453010809133 ], [ 19.066582716946694, 47.543899816537781 ], [ 19.061808857346431, 47.547384610921576 ], [ 19.054604739607701, 47.546422424451031 ] ] ] } },
{ "type": "Feature", "properties": { "h3": "881e037acbfffff" }, "geometry": { "type": "Polygon", "coordinates": [ [ [ 19.066582716946694, 47.543899816537781 ], [ 19.064152489043305, 47.539453010809133 ], [ 19.068925769214118, 47.535967745963227 ], [ 19.076129246801898, 47.53692911175721 ], [ 19.078560129708922, 47.541375837607283 ], [ 19.073786880104457, 47.544861277557999 ], [ 19.066582716946694, 47.543899816537781 ] ] ] } },
{ "type": "Feature", "properties": { "h3": "881e037acdfffff" }, "geometry": { "type": "Polygon", "coordinates": [ [ [ 19.044971780608222, 47.54101272249396 ], [ 19.042542969262339, 47.536565382219592 ], [ 19.04731688883647, 47.533080938046453 ], [ 19.054519590017669, 47.534043659062725 ], [ 19.056949056740226, 47.538490919686474 ], [ 19.052175166984782, 47.541975538960642 ], [ 19.044971780608222, 47.54101272249396 ] ] ] } },
{ "type": "Feature", "properties": { "h3": "881e037ad1fffff" }, "geometry": { "type": "Polygon", "coordinates": [ [ [ 19.090536976887513, 47.538850487807338 ], [ 19.088105439253845, 47.534403841952653 ], [ 19.092877499160672, 47.5309172863602 ], [ 19.100081065392718, 47.531877201543594 ], [ 19.102513257475955, 47.536323767286156 ], [ 19.097741228957599, 47.539810497973477 ], [ 19.090536976887513, 47.538850487807338 ] ] ] } },
{ "type": "Feature", "properties": { "h3": "881e037ad3fffff" }, "geometry": { "type": "Polygon", "coordinates": [ [ [ 19.102513257475955, 47.536323767286156 ], [ 19.100081065392718, 47.531877201543594 ], [ 19.104852514620656, 47.528390000776646 ], [ 19.112056124212426, 47.529349190678516 ], [ 19.114488970467967, 47.533795676192234 ], [ 19.109717553039474, 47.537283052048942 ], [ 19.102513257475955, 47.536323767286156 ] ] ] } },
{ "type": "Feature", "properties": { "h3": "881e037ad5fffff" }, "geometry": { "type": "Polygon", "coordinates": [ [ [ 19.080901917023088, 47.533443201471819 ], [ 19.078471140377236, 47.528996100499931 ], [ 19.083243231335867, 47.525509719993998 ], [ 19.090446067968507, 47.52647026538947 ], [ 19.092877499160672, 47.5309172863602 ], [ 19.088105439253845, 47.534403841952653 ], [ 19.080901917023088, 47.533443201471819 ] ] ] } },
{ "type": "Feature", "properties": { "h3": "881e037ad7fffff" }, "geometry": { "type": "Polygon", "coordinates": [ [ [ 19.092877499160672, 47.5309172863602 ], [ 19.090446067968507, 47.52647026538947 ], [ 19.095217548659164, 47.522983239704025 ], [ 19.102420429159253, 47.52394305992383 ], [ 19.104852514620656, 47.528390000776646 ], [ 19.100081065392718, 47.531877201543594 ], [ 19.092877499160672, 47.5309172863602 ] ] ] } },
{ "type": "Feature", "properties": { "h3": "881e037ad9fffff" }, "geometry": { "type": "Polygon", "coordinates": [ [ [ 19.088195981704253, 47.546782843836283 ], [ 19.085764337643781, 47.542336573192628 ], [ 19.090536976887513, 47.538850487807338 ], [ 19.097741228957599, 47.539810497973477 ], [ 19.100173527647982, 47.544256688510771 ], [ 19.095400919718426, 47.547742949004309 ], [ 19.088195981704253, 47.546782843836283 ] ] ] } },
{ "type": "Feature", "properties": { "h3": "881e037adbfffff" }, "geometry": { "type": "Polygon", "coordinates": [ [ [ 19.100173527647982, 47.544256688510771 ], [ 19.097741228957599, 47.539810497973477 ], [ 19.102513257475955, 47.536323767286156 ], [ 19.109717553039474, 47.537283052048942 ], [ 19.112150506082447, 47.541729162363154 ], [ 19.107378509289394, 47.545216068153657 ], [ 19.100173527647982, 47.544256688510771 ] ] ] } },
{ "type": "Feature", "properties": { "h3": "881e037addfffff" }, "geometry": { "type": "Polygon", "coordinates": [ [ [ 19.078560129708922, 47.541375837607283 ], [ 19.076129246801898, 47.53692911175721 ], [ 19.080901917023088, 47.533443201471819 ], [ 19.088105439253845, 47.534403841952653 ], [ 19.090536976887513, 47.538850487807338 ], [ 19.085764337643781, 47.542336573192628 ], [ 19.078560129708922, 47.541375837607283 ] ] ] } },
{ "type": "Feature", "properties": { "h3": "881e037ae1fffff" }, "geometry": { "type": "Polygon", "coordinates": [ [ [ 19.040031638715025, 47.519736962631647 ], [ 19.037603799730167, 47.515288417959184 ], [ 19.042376590496566, 47.51180320798872 ], [ 19.049577190695665, 47.512766367640801 ], [ 19.052005684792402, 47.517214832762185 ], [ 19.047232923657923, 47.52070021779862 ], [ 19.040031638715025, 47.519736962631647 ] ] ] } },
{ "type": "Feature", "properties": { "h3": "881e037ae3fffff" }, "geometry": { "type": "Polygon", "coordinates": [ [ [ 19.052005684792402, 47.517214832762185 ], [ 19.049577190695665, 47.512766367640801 ], [ 19.054349372791204, 47.509280512344048 ], [ 19.061550019020608, 47.510242947123416 ], [ 19.063979167952855, 47.514691332576753 ], [ 19.059207015900018, 47.518177362934786 ], [ 19.052005684792402, 47.517214832762185 ] ] ] } },
{ "type": "Feature", "properties": { "h3": "881e037ae5fffff" }, "geometry": { "type": "Polygon", "coordinates": [ [ [ 19.030403246202535, 47.514324533419234 ], [ 19.02797616802469, 47.50987553454236 ], [ 19.032748988086997, 47.506390499629298 ], [ 19.039948857110979, 47.507354288551781 ], [ 19.042376590496566, 47.51180320798872 ], [ 19.037603799730167, 47.515288417959184 ], [ 19.030403246202535, 47.514324533419234 ] ] ] } },
{ "type": "Feature", "properties": { "h3": "881e037ae7fffff" }, "geometry": { "type": "Polygon", "coordinates": [ [ [ 19.042376590496566, 47.51180320798872 ], [ 19.039948857110979, 47.507354288551781 ], [ 19.044721068913141, 47.503868608307833 ], [ 19.051920984474037, 47.504831672464057 ], [ 19.054349372791204, 47.509280512344048 ], [ 19.049577190695665, 47.512766367640801 ], [ 19.042376590496566, 47.51180320798872 ] ] ] } },
{ "type": "Feature", "properties": { "h3": "881e037ae9fffff" }, "geometry": { "type": "Polygon", "coordinates": [ [ [ 19.037686213433005, 47.52766987202709 ], [ 19.03525826886386, 47.523221702214329 ], [ 19.040031638715025, 47.519736962631647 ], [ 19.047232923657923, 47.52070021779862 ], [ 19.049661523519326, 47.525148308066107 ], [ 19.044888183225339, 47.52863322272799 ], [ 19.037686213433005, 47.52766987202709 ] ] ] } },
{ "type": "Feature", "properties": { "h3": "881e037aebfffff" }, "geometry": { "type": "Polygon", "coordinates": [ [ [ 19.049661523519326, 47.525148308066107 ], [ 19.047232923657923, 47.52070021779862 ], [ 19.052005684792402, 47.517214832762185 ], [ 19.059207015900018, 47.518177362934786 ], [ 19.061636270777264, 47.522625373540095 ], [ 19.056863539610887, 47.52611093365104 ], [ 19.049661523519326, 47.525148308066107 ] ] ] } },
{ "type": "Feature", "properties": { "h3": "881e037aedfffff" }, "geometry": { "type": "Polygon", "coordinates": [ [ [ 19.028057030727027, 47.522257722037914 ], [ 19.025629847130304, 47.517809097931348 ], [ 19.030403246202535, 47.514324533419234 ], [ 19.037603799730167, 47.515288417959184 ], [ 19.040031638715025, 47.519736962631647 ], [ 19.03525826886386, 47.523221702214329 ], [ 19.028057030727027, 47.522257722037914 ] ] ] } },
{ "type": "Feature", "properties": { "h3": "881e037b03fffff" }, "geometry": { "type": "Polygon", "coordinates": [ [ [ 18.934398815451683, 47.497301671119665 ], [ 18.931978165748518, 47.492850089869606 ], [ 18.936753548429849, 47.489368512838283 ], [ 18.943949554917733, 47.490338342043174 ], [ 18.946370861404844, 47.494789844878859 ], [ 18.941595504699503, 47.498271596940157 ], [ 18.934398815451683, 47.497301671119665 ] ] ] } },
{ "type": "Feature", "properties": { "h3": "881e037b0bfffff" }, "geometry": { "type": "Polygon", "coordinates": [ [ [ 18.932043607531309, 47.505233984079659 ], [ 18.92962285395717, 47.500782777176063 ], [ 18.934398815451683, 47.497301671119665 ], [ 18.941595504699503, 47.498271596940157 ], [ 18.944016915238102, 47.502722725435284 ], [ 18.939240979643809, 47.506204006534531 ], [ 18.932043607531309, 47.505233984079659 ] ] ] } },
{ "type": "Feature", "properties": { "h3": "881e037b11fffff" }, "geometry": { "type": "Polygon", "coordinates": [ [ [ 18.955989669645536, 47.500210096259032 ], [ 18.953567602417209, 47.495759046289777 ], [ 18.958342353967218, 47.49227664835454 ], [ 18.965539146103275, 47.49324512536954 ], [ 18.96796186974646, 47.497696096695563 ], [ 18.963187144918141, 47.501178669665933 ], [ 18.955989669645536, 47.500210096259032 ] ] ] } },
{ "type": "Feature", "properties": { "h3": "881e037b13fffff" }, "geometry": { "type": "Polygon", "coordinates": [ [ [ 18.96796186974646, 47.497696096695563 ], [ 18.965539146103275, 47.49324512536954 ], [ 18.970313292131966, 47.489762081691474 ], [ 18.977510134750947, 47.490729834324434 ], [ 18.979933514533951, 47.495180726889906 ], [ 18.975159395637593, 47.498663945599098 ], [ 18.96796186974646, 47.497696096695563 ] ] ] } },
{ "type": "Feature", "properties": { "h3": "881e037b15fffff" }, "geometry": { "type": "Polygon", "coordinates": [ [ [ 18.946370861404844, 47.494789844878859 ], [ 18.943949554917733, 47.490338342043174 ], [ 18.948724332854368, 47.48685611913406 ], [ 18.955920390970867, 47.487825224050631 ], [ 18.958342353967218, 47.49227664835454 ], [ 18.953567602417209, 47.495759046289777 ], [ 18.946370861404844, 47.494789844878859 ] ] ] } },
{ "type": "Feature", "properties": { "h3": "881e037b17fffff" }, "geometry": { "type": "Polygon", "coordinates": [ [ [ 18.958342353967218, 47.49227664835454 ], [ 18.955920390970867, 47.487825224050631 ], [ 18.960694563796736, 47.484342355394737 ], [ 18.967890672901198, 47.485310736036695 ], [ 18.970313292131966, 47.489762081691474 ], [ 18.965539146103275, 47.49324512536954 ], [ 18.958342353967218, 47.49227664835454 ] ] ] } },
{ "type": "Feature", "properties": { "h3": "881e037b19fffff" }, "geometry": { "type": "Polygon", "coordinates": [ [ [ 18.953636510696096, 47.50814269889851 ], [ 18.951214339251187, 47.50369202335937 ], [ 18.955989669645536, 47.500210096259032 ], [ 18.963187144918141, 47.501178669665933 ], [ 18.965609972958379, 47.505629266567752 ], [ 18.960834669210151, 47.509111368716148 ], [ 18.953636510696096, 47.50814269889851 ] ] ] } },
{ "type": "Feature", "properties": { "h3": "881e037b1bfffff" }, "geometry": { "type": "Polygon", "coordinates": [ [ [ 18.965609972958379, 47.505629266567752 ], [ 18.963187144918141, 47.501178669665933 ], [ 18.96796186974646, 47.497696096695563 ], [ 18.975159395637593, 47.498663945599098 ], [ 18.977582879998099, 47.503114463746272 ], [ 18.972808182226679, 47.506597211760699 ], [ 18.965609972958379, 47.505629266567752 ] ] ] } },
{ "type": "Feature", "properties": { "h3": "881e037b1dfffff" }, "geometry": { "type": "Polygon", "coordinates": [ [ [ 18.944016915238102, 47.502722725435284 ], [ 18.941595504699503, 47.498271596940157 ], [ 18.946370861404844, 47.494789844878859 ], [ 18.953567602417209, 47.495759046289777 ], [ 18.955989669645536, 47.500210096259032 ], [ 18.951214339251187, 47.50369202335937 ], [ 18.944016915238102, 47.502722725435284 ] ] ] } },
{ "type": "Feature", "properties": { "h3": "881e037b39fffff" }, "geometry": { "type": "Polygon", "coordinates": [ [ [ 18.936753548429849, 47.489368512838283 ], [ 18.93433300261314, 47.484916557337222 ], [ 18.939107806601502, 47.481434509445229 ], [ 18.946303130434188, 47.482404242053299 ], [ 18.948724332854368, 47.48685611913406 ], [ 18.943949554917733, 47.490338342043174 ], [ 18.936753548429849, 47.489368512838283 ] ] ] } },
{ "type": "Feature", "properties": { "h3": "881e037b3bfffff" }, "geometry": { "type": "Polygon", "coordinates": [ [ [ 18.948724332854368, 47.48685611913406 ], [ 18.946303130434188, 47.482404242053299 ], [ 18.95107732972232, 47.478921548410696 ], [ 18.958272705047747, 47.479890556851693 ], [ 18.960694563796736, 47.484342355394737 ], [ 18.955920390970867, 47.487825224050631 ], [ 18.948724332854368, 47.48685611913406 ] ] ] } },
{ "type": "Feature", "properties": { "h3": "881e037b51fffff" }, "geometry": { "type": "Polygon", "coordinates": [ [ [ 18.939307598210135, 47.518585950144569 ], [ 18.936885979614935, 47.514135570616716 ], [ 18.941662494218445, 47.510654760593688 ], [ 18.948860601337074, 47.511624155049731 ], [ 18.951282876983136, 47.51607445606345 ], [ 18.94650638853917, 47.519555441151411 ], [ 18.939307598210135, 47.518585950144569 ] ] ] } },
{ "type": "Feature", "properties": { "h3": "881e037b53fffff" }, "geometry": { "type": "Polygon", "coordinates": [ [ [ 18.951282876983136, 47.51607445606345 ], [ 18.948860601337074, 47.511624155049731 ], [ 18.953636510696096, 47.50814269889851 ], [ 18.960834669210151, 47.509111368716148 ], [ 18.963257601632101, 47.513561591098387 ], [ 18.958481718843593, 47.517043222310626 ], [ 18.951282876983136, 47.51607445606345 ] ] ] } },
{ "type": "Feature", "properties": { "h3": "881e037b55fffff" }, "geometry": { "type": "Polygon", "coordinates": [ [ [ 18.929687924533013, 47.513165451508691 ], [ 18.927267067103429, 47.508714619046927 ], [ 18.932043607531309, 47.505233984079659 ], [ 18.939240979643809, 47.506204006534531 ], [ 18.941662494218445, 47.510654760593688 ], [ 18.936885979614935, 47.514135570616716 ], [ 18.929687924533013, 47.513165451508691 ] ] ] } },
{ "type": "Feature", "properties": { "h3": "881e037b57fffff" }, "geometry": { "type": "Polygon", "coordinates": [ [ [ 18.941662494218445, 47.510654760593688 ], [ 18.939240979643809, 47.506204006534531 ], [ 18.944016915238102, 47.502722725435284 ], [ 18.951214339251187, 47.50369202335937 ], [ 18.953636510696096, 47.50814269889851 ], [ 18.948860601337074, 47.511624155049731 ], [ 18.941662494218445, 47.510654760593688 ] ] ] } },
{ "type": "Feature", "properties": { "h3": "881e037b59fffff" }, "geometry": { "type": "Polygon", "coordinates": [ [ [ 18.93695222707737, 47.526516293878657 ], [ 18.934530504477095, 47.522066288977328 ], [ 18.939307598210135, 47.518585950144569 ], [ 18.94650638853917, 47.519555441151411 ], [ 18.94892876837098, 47.524005367544426 ], [ 18.944151700721683, 47.527485881455092 ], [ 18.93695222707737, 47.526516293878657 ] ] ] } },
{ "type": "Feature", "properties": { "h3": "881e037b5bfffff" }, "geometry": { "type": "Polygon", "coordinates": [ [ [ 18.94892876837098, 47.524005367544426 ], [ 18.94650638853917, 47.519555441151411 ], [ 18.951282876983136, 47.51607445606345 ], [ 18.958481718843593, 47.517043222310626 ], [ 18.960904755631898, 47.521493070078023 ], [ 18.956128293682742, 47.524974230239998 ], [ 18.94892876837098, 47.524005367544426 ] ] ] } },
{ "type": "Feature", "properties": { "h3": "881e037b5dfffff" }, "geometry": { "type": "Polygon", "coordinates": [ [ [ 18.927331766320943, 47.521096073197334 ], [ 18.924910805051475, 47.516645615272722 ], [ 18.929687924533013, 47.513165451508691 ], [ 18.936885979614935, 47.514135570616716 ], [ 18.939307598210135, 47.518585950144569 ], [ 18.934530504477095, 47.522066288977328 ], [ 18.927331766320943, 47.521096073197334 ] ] ] } },
{ "type": "Feature", "properties": { "h3": "881e1cb681fffff" }, "geometry": { "type": "Polygon", "coordinates": [ [ [ 18.955366960417802, 47.388679018233063 ], [ 18.952948421065415, 47.384222127812833 ], [ 18.957716316724603, 47.380734613392349 ], [ 18.964902725192164, 47.381703814551351 ], [ 18.967321919081403, 47.386160626589373 ], [ 18.962554050045348, 47.38964831586668 ], [ 18.955366960417802, 47.388679018233063 ] ] ] } },
{ "type": "Feature", "properties": { "h3": "881e1cb683fffff" }, "geometry": { "type": "Polygon", "coordinates": [ [ [ 18.967321919081403, 47.386160626589373 ], [ 18.964902725192164, 47.381703814551351 ], [ 18.969670017094881, 47.378215655906274 ], [ 18.976856475933978, 47.379184134462356 ], [ 18.979276324086261, 47.383640868000569 ], [ 18.974509059215524, 47.387129201498581 ], [ 18.967321919081403, 47.386160626589373 ] ] ] } },
{ "type": "Feature", "properties": { "h3": "881e1cb685fffff" }, "geometry": { "type": "Polygon", "coordinates": [ [ [ 18.945762063607383, 47.383252204036836 ], [ 18.943344282807953, 47.378794862433871 ], [ 18.948112204756665, 47.375307522861704 ], [ 18.955297881294324, 47.376277350060299 ], [ 18.957716316724603, 47.380734613392349 ], [ 18.952948421065415, 47.384222127812833 ], [ 18.945762063607383, 47.383252204036836 ] ] ] } },
{ "type": "Feature", "properties": { "h3": "881e1cb687fffff" }, "geometry": { "type": "Polygon", "coordinates": [ [ [ 18.957716316724603, 47.380734613392349 ], [ 18.955297881294324, 47.376277350060299 ], [ 18.960065199895357, 47.372789366259674 ], [ 18.967250927307422, 47.373758470962727 ], [ 18.969670017094881, 47.378215655906274 ], [ 18.964902725192164, 47.381703814551351 ], [ 18.957716316724603, 47.380734613392349 ] ] ] } },
{ "type": "Feature", "properties": { "h3": "881e1cb689fffff" }, "geometry": { "type": "Polygon", "coordinates": [ [ [ 18.953017130839928, 47.396622580569755 ], [ 18.950598487580709, 47.392166063158001 ], [ 18.955366960417802, 47.388679018233063 ], [ 18.962554050045348, 47.38964831586668 ], [ 18.96497334802109, 47.394104754902479 ], [ 18.960204901731878, 47.397591974696716 ], [ 18.953017130839928, 47.396622580569755 ] ] ] } },
{ "type": "Feature", "properties": { "h3": "881e1cb68bfffff" }, "geometry": { "type": "Polygon", "coordinates": [ [ [ 18.96497334802109, 47.394104754902479 ], [ 18.962554050045348, 47.38964831586668 ], [ 18.967321919081403, 47.386160626589373 ], [ 18.974509059215524, 47.387129201498581 ], [ 18.976929011633981, 47.391585562040881 ], [ 18.972161169554777, 47.395073426183544 ], [ 18.96497334802109, 47.394104754902479 ] ] ] } },
{ "type": "Feature", "properties": { "h3": "881e1cb68dfffff" }, "geometry": { "type": "Polygon", "coordinates": [ [ [ 18.943411449097987, 47.39119604278595 ], [ 18.940993564556116, 47.386739074101101 ], [ 18.945762063607383, 47.383252204036836 ], [ 18.952948421065415, 47.384222127812833 ], [ 18.955366960417802, 47.388679018233063 ], [ 18.950598487580709, 47.392166063158001 ], [ 18.943411449097987, 47.39119604278595 ] ] ] } },
{ "type": "Feature", "properties": { "h3": "881e1cb691fffff" }, "geometry": { "type": "Polygon", "coordinates": [ [ [ 18.988884120675952, 47.389065002130863 ], [ 18.986463514088822, 47.384608720199587 ], [ 18.991230174430086, 47.381119742612746 ], [ 18.998417413662999, 47.382086872115963 ], [ 19.000838674144671, 47.386543075318713 ], [ 18.996072041578099, 47.390032227762816 ], [ 18.988884120675952, 47.389065002130863 ] ] ] } },
{ "type": "Feature", "properties": { "h3": "881e1cb695fffff" }, "geometry": { "type": "Polygon", "coordinates": [ [ [ 18.979276324086261, 47.383640868000569 ], [ 18.976856475933978, 47.379184134462356 ], [ 18.981623163716037, 47.375695331724401 ], [ 18.988809672288731, 47.376663087691831 ], [ 18.991230174430086, 47.381119742612746 ], [ 18.986463514088822, 47.384608720199587 ], [ 18.979276324086261, 47.383640868000569 ] ] ] } },
{ "type": "Feature", "properties": { "h3": "881e1cb699fffff" }, "geometry": { "type": "Polygon", "coordinates": [ [ [ 18.986537594188771, 47.39700941933522 ], [ 18.984116883171026, 47.39255351049021 ], [ 18.988884120675952, 47.389065002130863 ], [ 18.996072041578099, 47.390032227762816 ], [ 18.998493406670004, 47.394488057885582 ], [ 18.993726196864838, 47.397976741114697 ], [ 18.986537594188771, 47.39700941933522 ] ] ] } },
{ "type": "Feature", "properties": { "h3": "881e1cb69bfffff" }, "geometry": { "type": "Polygon", "coordinates": [ [ [ 18.998493406670004, 47.394488057885582 ], [ 18.996072041578099, 47.390032227762816 ], [ 19.000838674144671, 47.386543075318713 ], [ 19.008026643773732, 47.387509578147863 ], [ 19.010448662665482, 47.391965329430946 ], [ 19.005682058207601, 47.395454656740633 ], [ 18.998493406670004, 47.394488057885582 ] ] ] } },
{ "type": "Feature", "properties": { "h3": "881e1cb69dfffff" }, "geometry": { "type": "Polygon", "coordinates": [ [ [ 18.976929011633981, 47.391585562040881 ], [ 18.974509059215524, 47.387129201498581 ], [ 18.979276324086261, 47.383640868000569 ], [ 18.986463514088822, 47.384608720199587 ], [ 18.988884120675952, 47.389065002130863 ], [ 18.984116883171026, 47.39255351049021 ], [ 18.976929011633981, 47.391585562040881 ] ] ] } },
{ "type": "Feature", "properties": { "h3": "881e1cb6bdfffff" }, "geometry": { "type": "Polygon", "coordinates": [ [ [ 18.960065199895357, 47.372789366259674 ], [ 18.957646868402545, 47.368331730112494 ], [ 18.962413610065113, 47.364843277047143 ], [ 18.969598656526095, 47.365812285312956 ], [ 18.972017642196523, 47.370269843065287 ], [ 18.967250927307422, 47.373758470962727 ], [ 18.960065199895357, 47.372789366259674 ] ] ] } },
{ "type": "Feature", "properties": { "h3": "881e1cb6c3fffff" }, "geometry": { "type": "Polygon", "coordinates": [ [ [ 18.950666827855827, 47.404565300190676 ], [ 18.948248080705188, 47.400109155883925 ], [ 18.953017130839928, 47.396622580569755 ], [ 18.960204901731878, 47.397591974696716 ], [ 18.962624303778881, 47.402048040633751 ], [ 18.9578552801167, 47.405534790829648 ], [ 18.950666827855827, 47.404565300190676 ] ] ] } },
{ "type": "Feature", "properties": { "h3": "881e1cb6c7fffff" }, "geometry": { "type": "Polygon", "coordinates": [ [ [ 18.941060361093346, 47.399139038897111 ], [ 18.938642372824454, 47.394682443227005 ], [ 18.943411449097987, 47.39119604278595 ], [ 18.950598487580709, 47.392166063158001 ], [ 18.953017130839928, 47.396622580569755 ], [ 18.948248080705188, 47.400109155883925 ], [ 18.941060361093346, 47.399139038897111 ] ] ] } },
{ "type": "Feature", "properties": { "h3": "881e1cb6cbfffff" }, "geometry": { "type": "Polygon", "coordinates": [ [ [ 18.948316051330373, 47.412507176884127 ], [ 18.945897200303637, 47.408051405778849 ], [ 18.950666827855827, 47.404565300190676 ], [ 18.9578552801167, 47.405534790829648 ], [ 18.960274786219603, 47.409990483571427 ], [ 18.955505185064641, 47.413476764053833 ], [ 18.948316051330373, 47.412507176884127 ] ] ] } },
{ "type": "Feature", "properties": { "h3": "881e1cb6d1fffff" }, "geometry": { "type": "Polygon", "coordinates": [ [ [ 18.972232967721759, 47.407472422566123 ], [ 18.969812806816648, 47.403016808305388 ], [ 18.974581226224164, 47.399529413633324 ], [ 18.981769779400317, 47.400497458351737 ], [ 18.984190594833525, 47.404952994013932 ], [ 18.979422202641675, 47.408440563572327 ], [ 18.972232967721759, 47.407472422566123 ] ] ] } },
{ "type": "Feature", "properties": { "h3": "881e1cb6d3fffff" }, "geometry": { "type": "Polygon", "coordinates": [ [ [ 18.984190594833525, 47.404952994013932 ], [ 18.981769779400317, 47.400497458351737 ], [ 18.986537594188771, 47.39700941933522 ], [ 18.993726196864838, 47.397976741114697 ], [ 18.99614766655186, 47.402432198060886 ], [ 18.991379879388226, 47.405920411959677 ], [ 18.984190594833525, 47.404952994013932 ] ] ] } },
{ "type": "Feature", "properties": { "h3": "881e1cb6d5fffff" }, "geometry": { "type": "Polygon", "coordinates": [ [ [ 18.962624303778881, 47.402048040633751 ], [ 18.960204901731878, 47.397591974696716 ], [ 18.96497334802109, 47.394104754902479 ], [ 18.972161169554777, 47.395073426183544 ], [ 18.974581226224164, 47.399529413633324 ], [ 18.969812806816648, 47.403016808305388 ], [ 18.962624303778881, 47.402048040633751 ] ] ] } },
{ "type": "Feature", "properties": { "h3": "881e1cb6d7fffff" }, "geometry": { "type": "Polygon", "coordinates": [ [ [ 18.974581226224164, 47.399529413633324 ], [ 18.972161169554777, 47.395073426183544 ], [ 18.976929011633981, 47.391585562040881 ], [ 18.984116883171026, 47.39255351049021 ], [ 18.986537594188771, 47.39700941933522 ], [ 18.981769779400317, 47.400497458351737 ], [ 18.974581226224164, 47.399529413633324 ] ] ] } },
{ "type": "Feature", "properties": { "h3": "881e1cb6d9fffff" }, "geometry": { "type": "Polygon", "coordinates": [ [ [ 18.969884235991621, 47.41541458862762 ], [ 18.967463970866074, 47.410959347652359 ], [ 18.972232967721759, 47.407472422566123 ], [ 18.979422202641675, 47.408440563572327 ], [ 18.981843122475112, 47.412895725955266 ], [ 18.977074152759975, 47.41638282594041 ], [ 18.969884235991621, 47.41541458862762 ] ] ] } },
{ "type": "Feature", "properties": { "h3": "881e1cb6dbfffff" }, "geometry": { "type": "Polygon", "coordinates": [ [ [ 18.981843122475112, 47.412895725955266 ], [ 18.979422202641675, 47.408440563572327 ], [ 18.984190594833525, 47.404952994013932 ], [ 18.991379879388226, 47.405920411959677 ], [ 18.993801453655255, 47.41037549563282 ], [ 18.989033089013233, 47.413863240086073 ], [ 18.981843122475112, 47.412895725955266 ] ] ] } },
{ "type": "Feature", "properties": { "h3": "881e1cb6ddfffff" }, "geometry": { "type": "Polygon", "coordinates": [ [ [ 18.960274786219603, 47.409990483571427 ], [ 18.9578552801167, 47.405534790829648 ], [ 18.962624303778881, 47.402048040633751 ], [ 18.969812806816648, 47.403016808305388 ], [ 18.972232967721759, 47.407472422566123 ], [ 18.967463970866074, 47.410959347652359 ], [ 18.960274786219603, 47.409990483571427 ] ] ] } }
]
}
